Partner ID,Partner Type,Partner Name,Standard_Type,Description,Country,Location,Contact Person,Address,Status,Date Added,Date updated,By who?,Bank Account Number,Account Name,Bank name,Province - Branch
HTL-153,HTL_Hotel,22Land Hotel Saigon,4*,Can use as a lower-tier option if needed.,Vietnam  ,Ho Chi Minh City,,,,,,,,,,
FNB-01,FNB_Restaurant,5ku Station Thai Van Lung,Local BBQ,,Vietnam  ,Ho Chi Minh City,,,,,,,318918666,CONG TY TNHH TRAM 5.K.U,ACB,Ho Chi Minh - Thu Duc
HTL-121,HTL_Hotel,A&Em Art Hotel,4*,"Low reviews, do ",Vietnam  ,Ho Chi Minh City,,,,,,,,,,
HTL-01,HTL_Hotel,A&EM Saigon Hotel,4*,,Vietnam  ,Ho Chi Minh City,Mrs Hang - 0907 429 989,"39-41 Thu Khoa Huan Street, District 1, HCMC",,,,,112000149202,CONG TY TNHH MOT THANH VIEN A EM,Viettinbank ,Ho Chi Minh 
HTL-155,HTL_Hotel,Acnos Hotel Good,3*,Should not use.,Vietnam  ,Ho Chi Minh City,,,,,,,,,,
FNB-80,FNB_Restaurant,Al Sham Saigon,Syrian Halal Local Restaurant,,Vietnam  ,Ho Chi Minh City,Hotline - 0984597160,"314 Võ Văn Kiệt, Phường Cầu Ông Lãnh, Quận 1, Hồ Chí Minh, Vietnam",,,,,,,,
ATC-01,ATC_Attraction,Hanoi train street,,,Vietnam  ,Ha Noi,,,,,,,,,,
HTL-159,HTL_Hotel,Alba Hotel,3*,,Vietnam  ,Hue,,,,,,,,,,
HTL-02,HTL_Hotel,Alba Spa Hotel,4*,,Vietnam  ,Hue,Ms. Phuong - 0935855066,"29 Tran Quang Khai, Phu Hoi Ward, Hue City",,,,,0161000000965,CONG TY CO PHAN THANH TAN THUA THIEN HUE,VIETCOMBANK,
HTL-139,HTL_Hotel,Aliana Boutique Spa Hotel,4*,,Vietnam  ,Sapa,,,,,,,,,,
HTL-03,HTL_Hotel,Allegro Hoi An,4*,,Vietnam  ,Hoi An,Ms Dinh Lien - +84 235 3529 999,"86/2 Trần Hưng Đạo, Phường Minh An, Hội An, Quảng Nam",,,,,117642999999,CÔNG TY TNHH DAI PHAT HOI AN,Viettinbank,Quang Nam - Hoi An
HTL-132,HTL_Hotel,Almanity Hoi An Wellness Resort,5*,,Vietnam  ,Hoi An,,,,,,,,,,
FNB-21,FNB_Restaurant,Am Thuc Mong Sapa ,Vietnamese Restaurant,Open Space with big tables,Vietnam  ,Sapa,,,,,,,,,,
CRS-13,CRS_Cruise,Amanda Luxury Cruise,5*,,Vietnam  ,Ha Long, 0984 933 887,"366 Bạch Đằng, Chương Dương, Hoàn Kiếm, Hà Nội",,,,,,,,
CRS-33,CRS_Cruise,Ambassador Signature Cruise,5*,,Vietnam  ,Ha Long,+84 190 03045,"2F, Hanoi Tower, 49 Hai Ba Trung Street, Hoan Kiem District, Hanoi, Vietnam",,,,,,,,
HMS-04,HMS_Homestay,An s Eco Garden,Homestay,,Vietnam  ,Ninh Binh,Ms. Huyen Anh - 0969263981,"Binh Khe Hamlet, Ninh Nhat Commune, Ninh Binh City",,,,,161819999,CONG TY TNHH DICH VU DU LICH GIO VIET,VP Bank,
HTL-118,HTL_Hotel,Anatole Hotel Hanoi,4*,,Vietnam  ,Hanoi,,,,,,,,,,
FNB-81,FNB_Restaurant,Anatolia Turkish Cuisine - Halal Food in Saigon,Turkish Halal Restaurant,,Vietnam  ,Ho Chi Minh City,Hotline - 0705345858,"65 pasteur entry, 63/13 and 65 Pasteur, Bến Nghé, Quận 1, Hồ Chí Minh 700000",Approved,2025-07-29,Adi,,,,,
GDE-90,GDE_Guide,Andy - DTH Malaysia ,,,Malaysia  ,,,,,,,,,,,
HTL-34,HTL_Hotel,Angkor Village Hotel,4*,,Cambodia  ,Siem Reap, +855 12 333 615 ,"No 555, Phum Kruos, Sangkat Svay Dangkum, Siem Reap, Kingdom of Cambodia",,,,,,,,
RST-45,RST_Resort,Angkor Village Resort,,,Cambodia  ,,,,,,,,,,,
ATC-02,ATC_Attraction,SG Motorbike tour ,,,Vietnam  ,Ho Chi Minh City,,,,,,,,,,
FNB-35,FNB_Restaurant,Anh Trang Quan,Local Vietnamese Restaurant,,Vietnam  ,Hoi An,,,,,,,,,,
ATC-03,ATC_Attraction,Tra Su mangrove forest,,,Vietnam  ,Chau Doc,,,,,,,,,,
HTL-05,HTL_Hotel,Apricot Hotel,5*,,Vietnam  ,Ha Noi,Ms Yen - 0976 068 279,"136 Hang Trong Street, Hoan Kiem Dist., Hanoi",,,,,0011000021911,CONG TY CO PHAN PHU GIA,VIETCOMBANK,
FNB-64,FNB_Restaurant,Apsara Theatre,Cambodian Restaurant,,Cambodia  ,Siem Reap,,,,,,,,,,
CRS-18,CRS_Cruise,Aqua Elegance Cruise,5*,,Vietnam  ,Ha Long,+84 973 385 888,"Tầng 2, 156 Trần Duy Hưng, Q. Cầu Giấy, Hà Nội",,,,,,,,
CRS-01,CRS_Cruise,Aqua of the Seas Cruise,5*,,Vietnam  ,Ha Long,Ms.Giang- 0973385888,"Ofice: 2nd Floor, 156 Chan Duy Hung Street, Trung Hoa Ward, Cau Giay District, Hanoi City",,,,,113631196688,Chi nhanh Hai Phong - Cong ty TNHH Du lich va thuong mai ETG Viet Nam,Vietinbank,Quang Ninh - Bai Chay
HTL-148,HTL_Hotel,Aquari Hotel ,3*,Can use as a basic option but not ideal for higher-end clients.,Vietnam  ,Ho Chi Minh City,,,,,,,,,,
FNB-72,FNB_Restaurant,Aras KL Tower,,,Malaysia  ,Kuala Lumpur,,,,,,,,,,
RST-03,RST_Resort,Aravinda Resort Ninh Binh,5*,,Vietnam  ,Ninh Binh,Mr. Huu Nghia - 0868896885,"Hai Nham Hamlet, Ninh Hai Commune, Hoa Lu District, Ninh Binh Province",,,,,0491000093518,CONG TY TNHH HOA PHU GIA,VIETCOMBANK ,Hanoi - Thang Long
HTL-06,HTL_Hotel,Aristo Hotel,4*,,Vietnam  ,Ho Chi Minh City,Ms. Vuong - 0974250112,"3A Vo Van Tan St , Dist 3, HCMC",,,,,0071000998889,CONG TY TNHH MTV ARISTO HOTEL,VIETCOMBANK ,Ho Chi Minh
RST-04,RST_Resort,Aroma Beach Resort & Spa ,4*,,Vietnam  ,Mui Ne,Ms. Duyen - 0919520198,"Quarter 5, Phu Hai Ward, Phan Thiet City, Binh Thuan Province",,,,,0621000403934,CONG TY CO PHAN VIET HAN,Vietcombank,Binh Thuan
PRT-23,PRT_Partner_DMC,Asian Divers Robert Wurm,,,Thailand  ,,,,Secondary partner for BKK and KH,,,,,,,
CRS-02,CRS_Cruise,Aspira Cruise,5*,,Vietnam  ,Ha Long,Mr. Johnny - 0368399693,"Office : Suite 1202, HH1B Building, Linh Dam, Hoang Mai, Ha Noi",suspended,,,,5200066666,CONG TY CO PHAN DU LICH CARNIVAL HA LONG,VIETCOMBANK ,Quang Ninh
CRS-29,CRS_Cruise,Athena Luxury Cruise,5*,,Vietnam  ,Ha Long, +84 24 3927 6988,"3rd Floor, 25A Phan Dinh Phung Street, Quan Thanh Ward, Ba Dinh District, Hanoi, Vietnam.",,,,,,,,
CRS-30,CRS_Cruise,Athena Royal Cruise,5*,,Vietnam  ,Ha Long,02439 276 999 ," No 12-14, 171 Thinh Quang Alley, Dong Da Distr., Hanoi, Vietnam",,,,,,,,
FNB-76,FNB_Restaurant,Atlantic Nyonya Cuisine by Aunty Ruby,Nyonya Restaurant,,Malaysia  ,Malacca,,,,,,,,,,
FNB-51,FNB_Restaurant,Atlantic Nyonya HQ,Nyonya Restaurant,,Malaysia  ,Malacca,,,,,,,,,,
HTL-08,HTL_Hotel,Au Lac Charner,4*,,Vietnam  ,Ho Chi Minh City,+84 28 3915 6666,"87-89-91 Hồ Tùng Mậu, Phường Bến Nghé, Quận 1, TP.HCM",,,,,8789919368,CONG TY TNHH MTV AU LAC CHARNER,ACB ,Ho Chi Minh - Sai Gon 
HTL-42,HTL_Hotel,Azerai La Residence Hue,5*,,Vietnam  ,Hue,+84 234 3837 475,"5 Le Loi Street, Hue City",,,,,0161000052501,CONG TY TNHH KHACH SAN KINH THANH,VIETCOMBANK ,Hue
HMS-01,HMS_Homestay,Ba Danh Homestay,Homestay,,Vietnam  ,Ben Tre,Mr. Si - 0989217902,"11D, 3 Hamlet, Nhon Thanh Commune, Ben Tre City, Ben Tre Province",,,,,0241004100498 ,HO KINH DOANH KHU DU LICH SINH THAI BA DANH,VIETCOMBANK,BEN TRE 
HTL-120,HTL_Hotel,Bach Suites Saigon,4*,,Vietnam  ,Ho Chi Minh City,,,,,,,,,,
ATC-04,ATC_Attraction,Mua Cave,,,Vietnam  ,Ninh Binh,,,,,,,,,,
HTL-16,HTL_Hotel,Bako National Park,,,Malaysia  ,Kuching,+60 85 417 751,,,,,,,,,
ATC-05,ATC_Attraction,Bich Dong Pagoda,,,Vietnam  ,Ninh Binh,,,,,,,,,,
FNB-63,FNB_Restaurant,Bamboo tree,,,Laos  ,Luang Prabang,,,,,,,,,,
RST-05,RST_Resort,Bamboo Village Beach Resort & Spa,4*,,Vietnam  ,Mui Ne,Mrs Sương/  +84 918 891 628- number on website,"38 Nguyen Dinh Chieu, Ham Tien, PhanThiet, Binh Thuan Province, Vietnam",,,,,0071002995286,CONG TY CO PHAN LANG TRE MUI NE,VIETCOMBANK,Binh Thuan
RST-06,RST_Resort,Banyan Tree Lang Co,5*,,Vietnam  ,Hue,+84 234 3695 888 ,"Cu Du Village, Loc Vinh Commune
Phu Loc District, Thua Thien Hue Province, Vietnam",,,,,"117000143664
"," CONG TY TNHH LAGUNA VIET NAM BANYAN TREE
","VIETINBANK
",Da Nang
FNB-04,FNB_Restaurant,Barbecue Garden SG,BBQ Restaurant,,Vietnam  ,Ho Chi Minh City,,,,,,,,,,
HTL-18,HTL_Hotel,Barong Villa Sidemen,Homestay,,Indonesia  ,Bali, +62 812 1456 3300,"Jalan Sidemen, Telaga Tawang, Kec. Sidemen, Kabupaten Karangasem, Bali 80864, Indonesia",,,,,,,,
ATC-06,ATC_Attraction,Borneo Cultures Museum,,,Malaysia  ,Kuching,,,,,,,,,,
GDE-59,GDE_Guide,Be Hien - Tra Su Forest ,Good Guide,Only VN guide,Vietnam  ,Chau Doc,,,,,,,,,,
FNB-84,FNB_Restaurant,Beirut Restaurant – Lebanese & Mediterranean Cuisine,Lebanese Restaurant & Shisha lounge,,Vietnam  ,Ho Chi Minh City,Hotline - 02839159999,"43 Đ. Trần Ngọc Diện, Thảo Điền, Thủ Đức, Hồ Chí Minh 800000, Vietnam",Approved,2025-07-29,Adi,,,,,
HTL-134,HTL_Hotel,Bel Marina Hoi An Resort,5*,,Vietnam  ,Hue,,,,,,,,,,
HMS-16,HMS_Homestay,Ben Tre Coco Lodge ,Homestay,,Vietnam  ,Ben Tre,,,,,,,,,,
FNB-18,FNB_Restaurant,Bia Hoi Lan Chin ,Local Vietnamese Restaurant,,Vietnam  ,Ha Noi,,,,,,,,,,
ATC-07,ATC_Attraction,Klias Wetlands ,,,Malaysia  ,Kota Kinabalu,,,,,,,,,,
ATC-08,ATC_Attraction,Kiulu White Water Rafting Centre,,,Malaysia  ,Kota Kinabalu,,,,,,,,,,
PRT-01,PRT_Partner_DMC,BiiG Holiday Group,,,Laos  ,,,,Main partner for Laos,,,,,,,
FNB-52,FNB_Restaurant,Bijan Bar & Restaurant,Malay Restaurant,,Malaysia  ,Kuala Lumpur,,,,,,,,,,
FNB-50,FNB_Restaurant,Bla Bla Bla,,,Malaysia  ,Kuching,,,,,,,,,,
FNB-106,FNB_Restaurant,Blank Lounge Landmark ,,,Vietnam  ,Ho Chi Minh City,,,,,,,,,,
HTL-09,HTL_Hotel,Bonsella Hotel,3*,,Vietnam  ,Ha Noi,+84 24 2283 8666,"3 Bao Khanh Street, Hoan Kiem District, Ha Noi",,,,,8605666888,CONG TY TNHH DAU TU VA KHACH SAN DONG A,BIDV,Hanoi - Quang Trung
RST-35,RST_Resort,Borei Angkor Resort & Spa,5*,,Cambodia  ,Siem Reap,"
+855 15 430 222","National Road 6, Banteay Chas, Siem Reap, Kingdom of Cambodia",,,,,,,,
ATC-09,ATC_Attraction,Mari Mari cultural village ,,,Malaysia  ,Kota Kinabalu,,,,,,,,,,
FNB-49,FNB_Restaurant,Borneo Delight,,,Malaysia  ,Kuching,,,,,,,,,,
FNB-24,FNB_Restaurant,Buffet Sen Tay Ho,Vietnamese Buffet,,Vietnam  ,Ha Noi,,,,,,,,,,
GDE-01,GDE_Guide,Bui Chung Hieu,,,Vietnam  ,Ho Chi Minh City,0765 660 703,,Banned,,,,00710836302,BUI CHUNG HIEU,TP Bank,
FNB-16,FNB_Restaurant,Bun Cha Dac Kim - Hang Manh branch,Local Vietnamese Restaurant,,Vietnam  ,Ha Noi,,,,,,,,,,
FNB-14,FNB_Restaurant,Café de l’Opera - Caravelle Sai Gon ,Cafe,,Vietnam  ,Ho Chi Minh City,Ms. Lý +84 327 529 549 ,,,,,,,,,
FNB-30,FNB_Restaurant,Cai Mam - Dao Duy Tu Branch,Vietnamese Restaurant,,Vietnam  ,Ha Noi,,,,,,,,,,
FNB-20,FNB_Restaurant,Cai Mam Hoi Vu,Vietnamese Restaurant,"Quite small space, adapted from an old house, big groups might have to sit in separate rooms",Vietnam  ,Ha Noi,,,,,,,,,,
HTL-10,HTL_Hotel,Calista Saigon Hotel,3*,,Vietnam  ,Ho Chi Minh City, 028 35218532,"247-249 Ly Tu Trong, Ben Thanh Ward, District 1",,,,,299368888,CN CTY CP VAN TAI VA TM XUAN TRUONG HAI TAI TP HCM,ACB,HCMC - Sai Gon 
CRS-03,CRS_Cruise,Calypso Cruise,4*,,Vietnam  ,Ha Long,Ms Mai Linh - 84 919283088,Ha Long,,,,,0011004109002,CONG TY CO PHAN NHUNG CANH BUOM PHUONG DONG,VIETCOMBANK ,Hanoi
RST-28,RST_Resort,Can Tho Ecolodge,4*,,Vietnam  ,Can Tho,Ms. Hang- 0912 419 877,"542, Area No 3, Ba Lang Ward, Cai Rang, Can Tho City, Vietnam",,,,,,,,
GDE-70,GDE_Guide,Cao Ngoc Dung  - Venus ,,,Vietnam  ,Hoi An,,,,,,,,,,
CRS-04,CRS_Cruise,Capella Cruise,5*,,Vietnam  ,Ha Long,+84 247 307 3886,"Unit 2010-A2, 20th Floor, Hanoi Aqua Central, Yen Phu str, Truc Bach, Ba Dinh dist, Hanoi city",,,,,0291138888888,Cong ty Co Phan Dau Tu Viet Star Cruise,Vietnam Military Commercial Joint Stock Bank,Bac Ninh Branch
HTL-111,HTL_Hotel,Capella Hanoi,5*,,Vietnam  ,Hanoi,,,,,,,,,,
HTL-31,HTL_Hotel,Caravelle  Hotel Saigon,5*,,Vietnam  ,Ho Chi Minh City,Mr. Tâm - +84 93 213 9321,"19-23 Lam Son Square, District 1",,,,,0071000734602, CTLD HUU HAN KS CHAINS CARAVELLE,VIETCOMBANK ,Ho Chi Minh
HMS-20,HMS_Homestay,Cat Tien Riverside,Homestay,,Vietnam  ,Cat Tien,,,,,,,,,,
CRS-57,CRS_Cruise,Catherine Cruises,5*,,Vietnam  ,Ha Long,,,,,,,,,,
FNB-17,FNB_Restaurant,Cau Go Vietnamese Cuisine,Vietnamese Restaurant,,Vietnam  ,Ha Noi,,,,,,,,,,
GDE-110,GDE_Guide,Cedhie - Intas,,,Philippines  ,,,,,,,,,,,
HTL-37,HTL_Hotel,Central Palace Hotel ,4*,,Vietnam  ,Ho Chi Minh City,Ms. Thao - 093 290 6291,"39 - 39A Nguyen Trung Truc, Ben Thanh, District 1, HCMC",,,,,0721000594733,CENTRAL PALACE,VIETCOMBANK ,Ho Chi Minh - Ky Dong
HTL-87,HTL_Hotel,Champton Hanoi Hotel,4*,,Vietnam  ,Ha Noi,Ms. Anna Hong +84  911 319 594,"130 Hang Bong, Hoan Kiem, Ha Noi",,,,,0011004238168,CTY TNHH DAU TU THUONG MAI VÀ DICH VU TONG HOP BAO NGAN,VIETCOMBANK,Hanoi - So Giao Dich
FNB-67,FNB_Restaurant,Changkran Khmer,Cambodian Restaurant,,Cambodia  ,Siem Reap,,,,,,,,,,
GDE-107,GDE_Guide,Chansamone Phoumesa - Biig Laos,,,Laos  ,Vientiane,+85620 55668061,,,,,,,,,
HMS-06,HMS_Homestay,Chay Lap Farmstay,Homestay,,Vietnam  ,Quang Binh,,"Chay Lap Village, Phong Nha Commune, Quang Binh Province",,,,,0311000732632, COONG TY TNHH OXALIS HOLIDAY,VIETCOMBANK ,Quang Binh
HMS-26,HMS_Homestay,Chez Cao Rice Field Ecolodge,Homestay,,Vietnam  ,Ninh Binh,,,,,,,,,,
FNB-93,FNB_Restaurant,Chickpea Eatery: Da Nang Vegan Restaurant and Vegan Cooking Class | Tiệm Chay Đà Nẵng,Vegetarian - Vegan Restaurant,,Vietnam  ,Da Nang,Hotline - 0366862489,"185 Đặng Vũ Hỷ, An Hải Đông, Sơn Trà, Đà Nẵng 550000, Vietnam",,,,,,,,
FNB-97,FNB_Restaurant,Chickpea Eatery: Vietnamese Vegan Restaurant & Hội An Vegan Cooking Class | Nhà Hàng Chay Hội An,Vegetarian - Vegan Restaurant,,Vietnam  ,Hoi An,Hotline - 0766731285,"86 Đ. Phan Chu Trinh, Phường Minh An, Hội An, Quảng Nam, Vietnam",,,,,,,,
HTL-106,HTL_Hotel,Chicland Danang Beach Hotel,4*,,Vietnam  ,Da Nang,,,,,,,,,,
ATC-10,ATC_Attraction,Batu Caves,,,Malaysia  ,Kuala Lumpur,,,,,,,,,,
PRT-02,PRT_Partner_DMC,Christinair - Cambodia ,,,Cambodia  ,,,,Main partner for Cambodia,,,,0100210034245,"CHRISTINAIR TOURS CO., LTD.","BANK OF AMERICA,N.A
NEW YORK, NY10038, UNITED STATES",New York - United States
FNB-03,FNB_Restaurant,Chu Ba BBQ Ho Thi Ky,Local Seafood,,Vietnam  ,Ho Chi Minh City,,,,,,,0906902755,Nguyen Thi Kim Giau,MB Bank,Hoi An
GDE-55,GDE_Guide,Chu Duc Dung  - MHP ,,,Vietnam  ,Ha Noi,0968936397,,,,,,,,,
HTL-38,HTL_Hotel,Cicilia City Hotel Saigon Center,4*,,Vietnam  ,Ho Chi Minh City,,,Banned,,,,112002805768,Cong ty TNHH Dau Tu va Thuong Mai Phuc Loc Thinh,Viettinbank,Gia Lai - Gia Lai
TRS-01,TRS_Transport_Company,Clown Car,,,Vietnam  ,,Mr. Tuan Anh - 0909381581,"C0.15 chung cư EhomeS, Phú Hữu, Quận 9, TP. Hồ Chí Minh",,,,,88811186,CONG TY TNHH CLOWN VIET NAM,ACB,Ho Chi Minh 
HTL-146,HTL_Hotel,Confetti Garden Hotel,3*,,Laos  ,Vang Vieng,,,,,,,,,,
FNB-09,FNB_Restaurant,Cooking Class Cu Chi,Vietnamese Restaurant,,Vietnam  ,Ho Chi Minh City,Mr Tan  +84 973502434,"107/7 Trân Van Cham , Ap 3, Phuoc Vinh An ,cu chi ,hcm",,,,,060083758700,CONG TY TNHH DVDL WESTEN ASIAN,Sacombank ,Ho Chi Minh - Cu Chi 
FNB-42,FNB_Restaurant,Crocodile Land Rest Stop,Vietnamese Restaurant,,Vietnam  ,Long Xuyen,,,,,,,,,,
FNB-78,FNB_Restaurant,d'LIONS Restaurant,Singapore-Malay Halal Restaurant,,Vietnam  ,Ha Noi,Hotline - 0983109292,"92 Đ. Lê Duẩn, Văn Miếu – Quốc Tử Giám, Hoàn Kiếm, Hà Nội, Vietnam",Approved,2025-07-29,Adi,,,,,
GDE-77,GDE_Guide,Dang Quang Son  - Venus ,,,Vietnam  ,Hoi An,,,,,,,,,,
GDE-03,GDE_Guide,Dao Duc Duy Khuong,Support Guide,,Vietnam  ,Ho Chi Minh City,,,,,,,19028226304021,Dao Duc Duy Khuong,Techcombank,HCM - HCM 
FNB-33,FNB_Restaurant,Dao Tien restaurant,Vietnamese Restaurant,,Vietnam  ,Hoi An,,,,,,,,,,
GDE-42,GDE_Guide,Diem Quynh  - MHP ,,,Vietnam  ,Ha Noi,038 6696372,,,,,,,,,
GDE-29,GDE_Guide,Dinh Thi Thuy Linh,PL TL,,Vietnam  ,Ho Chi Minh City,0328323395,,,,,,,,,
INT-08,INT_Interpreter,Dinh Thi Thuy Linh,,,,Ho Chi Minh City,0328 323 395,,,,,,,,,
GDE-41,GDE_Guide,Do Bich Phuong  - MHP ,,,Vietnam  ,Ha Noi,,,Banned,,,,,,,
GDE-38,GDE_Guide,Do Duc Phuong - MHP ,,,Vietnam  ,Ha Noi,0823447639,,,,,,,,,
HST-12,HST_Hostess,Do Ngoc Tram,,,Vietnam  ,Ho Chi Minh City,Mr. Bảo - 0776140819,,,,,,,,,
GDE-37,GDE_Guide,Do Van Hau - MHP,,,Vietnam  ,Ha Noi,,,,,,,,,,
GDE-63,GDE_Guide,Doan Dang Khoi - Venus ,,,Vietnam  ,Hoi An,,,,,,,,,,
GDE-64,GDE_Guide,Doan Quan Oanh  - Venus ,,,Vietnam  ,Hoi An,,,,,,,,,,
HTL-96,HTL_Hotel,Dolce by Wyndham Hanoi Golden Lake,5*,,Vietnam  ,Ha Noi,+84-24-3365-9999,"B7 Giang Vo, Ba Dinh, Hanoi",,,,,,,,
CRS-05,CRS_Cruise,Dora Cruise,5*,,Vietnam  ,Ha Long,+84 243 929 1555,"Level 3, Hai An Group building, No.25, Lane 1 Lam Ha street, Long Bien, Hanoi.",,,,,1922666888,Cong ty TNHH Dau tu phat trien Quoc te Hai An,ACB,PGD Bai Chay
CRS-58,CRS_Cruise,Doris Cruises,5*,,Vietnam  ,Ha Long,,,,,,,,,,
HMS-24,HMS_Homestay,Dream Hill Homestay,Homestay,,Vietnam  ,Cat Tien,,,,,,,,,,
PRT-03,PRT_Partner_DMC,DTH Travel Malaysia,,,Malaysia  ,,,,Main partner for Malaysia,,,,014011250790,DTH TRAVEL SDN BHD,MALAYAN BANKING BERHAD,Swiff code: MBBEMYKL
PRT-29,PRT_Partner_DMC,DTH Travel Singapore,,,Singapore  ,,,,Main partner for Singapore,,,,,,,
GDE-74,GDE_Guide,Duong Duc Dai Duong  - Venus ,,,Vietnam  ,Hoi An,,,,,,,,,,
GDE-05,GDE_Guide,Duong Thai Binh,Support Guide,,Vietnam  ,Ho Chi Minh City,0844442826,,,,,,9695827,DUONG THAI BINH,ACB,HCM Branch - PGD Bau Cat
HTL-40,HTL_Hotel,Eden Star Saigon Hotel,4*,,Vietnam  ,Ho Chi Minh City,+84 983 845 668,38 Bui Thi Xuan St – Ben Thanh Ward – District 01 – HCMC,,,,,601704060181937,CONG TY TNHH EDEN HOTEL SAIGON,VIB Bank,
CRS-06,CRS_Cruise,Elite of the Seas Cruise,5*,,Vietnam  ,Ha Long,+84 24 39335419,"3rd Floor, PaxSky Building, 70 Hoa Ma Street, Hai Ba Trung District, Hanoi, Vietnam",,,,,0701183838383 ,CTY DAI DUONG XANH,MB Bank,Ha Noi - Dien Bien Phu
RST-07,RST_Resort,Emeralda Ninh Binh resort,4*,,Vietnam  ,Ninh Binh,+84 2293 658 333 ,"Van Long Reserve, Gia Van Commune, Gia Vien District, Ninh Binh Province, Vietnam",,,,,0221000002159,Cong ty Co Phan Du Lich Tan Phu,VCB,Ninh Binh - Ninh Binh
PRT-04,PRT_Partner_DMC,EMIC Travel,,,Vietnam  ,,Mr. Ha - 091.6.976.731, 101 Cua Dai Street - Hoi An City,Banned,,,,56610000168887,CONG TY TNHH EMIC TRAVEL,BIDV,Quang Nam - Hoi An
PRT-05,PRT_Partner_DMC,Emily Visa,,,Vietnam  ,,,,Main partner for VN visa,,,,455647,Nguyen Thi Vuong,ACB,Ho Chi Minh City - Cat Lai
CRS-34,CRS_Cruise,Emperor Cruise,5*,,Vietnam  ,Ha Long,+84 24 3927 3475,"456 Lạc Long Quân, Xuân La, Tây Hồ, Hà Nội",,,,,,,,
FNB-53,FNB_Restaurant,Envi Skydining ,,,Malaysia  ,Kuala Lumpur,,,,,,,,,,
HTL-36,HTL_Hotel,EQ Kuala Lumpur,5* ,,Malaysia  ,Kuala Lumpur,+60 327 897 777,"Equatorial Plaza
Jalan Sultan Ismail
50250 Kuala Lumpur
Malaysia",,,,,,,,
CRS-07,CRS_Cruise,Era Cruise,5*,,Vietnam  ,Ha Long,Ms. Tam - 0982051987,"No. 110 Tue Tinh St.,
Hai Ba Trung Dist, Hanoi.",,,,,26121888888,CONG TY CO PHAN THUONG MAI VA DAU TU DU THUYEN QUOC TE HTC,ACB,Hanoi - Thang Long
CRS-59,CRS_Cruise,Erina Cruise,5*,,Vietnam  ,Ha Long,,,,,,,,,,
PRT-06,PRT_Partner_DMC,Exemplary Voyages,,,Sri Lanka,,,,Main partner for Sri Lanka,,,,1019022876,Exemplary Holdings Pte Ltd,UOB Plaza,SWIFT Code - UOVBSGSG
INT-14,INT_Interpreter,Filip Tran,,,,Ho Chi Minh City,0868 011 504,,,,,,,,,
RST-08,RST_Resort,Flamingo Cat Ba ,5*,,Vietnam  ,Cat Ba,Ms Ngoc- 0942938893,"18 Group, Cat Ba Town, Cat Hai District, Hai Phong City, Viet Nam",,,,,6096699999,CONG TY CO PHAN TAP DOAN FLAMINGO,MB Bank,Hanoi - Thanh Xuan
HTL-115,HTL_Hotel,Flower Garden Hotel,4*,,Vietnam  ,Hanoi,,,,,,,,,,
HMS-21,HMS_Homestay,Forest Side Eco Lodge,Homestay,,Vietnam  ,Cat Tien,,,,,,,,,,
FNB-59,FNB_Restaurant,Fullmoon buffet,,,Laos  ,Luang Prabang,,,,,,,,,,
RST-09,RST_Resort,Furama resort,5*,,Vietnam  ,Da Nang,Ms Duyen- 84-989 004 431,"103 – 105 Vo Nguyen Giap Street, Khue My Ward, Ngu Hanh Son District, Danang City, Vietnam",,,,,025704076999999,Cong ty Co phan Khu Du Lich Bac My An,HD bank,Da Nang Branch
HTL-43,HTL_Hotel,Fusion Original Saigon Centre,5*,,Vietnam  ,Ho Chi Minh City,+84 283 622 2265,"65 Le Loi, Street, District 1, HCMC",,,,,116002884140,Cong ty TNHH Fusion Pasteur,Vietinbank,Gia Lai - Pleiku
PRT-13,PRT_Partner_DMC,Gairah Scuba Indo Jungle Life,,,Indonesia  ,,,,Main partner for Bali,,,,1755349148,PT. GAIRAH SCUBA INDO,BANK NEGARA INDONESIA (BNI),RENON BRANCH
GDE-91,GDE_Guide,Ganie - DTH Malaysia ,,,Malaysia  ,,,,,,,,,,,
CRS-52,CRS_Cruise,Garden Bay Classic,4*,,Vietnam  ,Ha Long,,,,,,,,,,
CRS-25,CRS_Cruise,Garden Bay Legend Cruise,4*,,Vietnam  ,Ha Long,+84 985 873 537 -Mr Tom,"49 Lo Su street ,Hoan Kiem Dis,Hanoi City, Vietnam",,,,,,,,
CRS-64,CRS_Cruise,Genesis Luxury Regal,5*,,Vietnam  ,Ha Long,,,,,,,,,,
CRS-19,CRS_Cruise,Genesis Regal Cruise,5*,,Vietnam  ,Ha Long,+84-974 985 391,No.19 Tuan Chau International Marina,,,,,,,,
GDE-56,GDE_Guide,Giang  - Mr.Mushroom ,Good Guide,,Vietnam  ,Cu Chi,,,,,,,,,,
FNB-29,FNB_Restaurant,Giang Restaurant ,Vietnamese Restaurant,,Vietnam  ,Ha Noi,,,,,,,,,,
HTL-117,HTL_Hotel,GM Premium Hotel Hanoi,4*,,Vietnam  ,Hanoi,,,,,,,,,,
CRS-65,CRS_Cruise,Golden Cruise 9999,,,Vietnam  ,Ha Long,,,,,,,,,,
HTL-44,HTL_Hotel,Golden Rooster Hotel & Travel,3*,,Vietnam  ,Ha Noi,Ms. Diep - 088 666 9999,"17 Hang Ga str, Hoan Kiem Dist, Hanoi city",,,,,0021000393003,CONG TY TNHH BMCC HA NOI,VIETCOMBANK,
HTL-103,HTL_Hotel,Goldient Boutique,4*,,Vietnam  ,Da Lat,,,,,,,,,,
HTL-45,HTL_Hotel,Golf Valley Hotel,4*,,Vietnam  ,Da Lat,0263 3697 666,"94 Bui Thi Xuan, Ward 2, Da Lat City ",,,,,0561000625855,Cong ty Co Phan Dau Tu Thuong Mai Dich vu thung lung Golf,VCB,Lam Dong - Lam Dong
FNB-98,FNB_Restaurant,Good Eats Hoi An | Vegetarian Cafe - Healthy breakfast and brunch,Vegetarian - Vegan Restaurant,,Vietnam  ,Hoi An,Hotline - 0788656704,"409 Cửa Đại, Cẩm Châu, Hội An, Quảng Nam, Vietnam",,,,,,,,
HTL-46,HTL_Hotel,Grand Hotel Du Lac Hanoi,5*,,Vietnam  ,Ha Noi,+84 243 275 0000,"18 -24 Nha Chung, Hoan Kiem, Ha Noi",,,,,35418697,Cong ty CP Thuong mai va dich vu du lich Vu Le,ACB,Hanoi - Cua Nam
HTL-109,HTL_Hotel,Grand Mercure Hanoi,5*,,Vietnam  ,Hanoi,,,,,,,,,,
RST-10,RST_Resort,Grand Ocean Bay Phu Quoc,5*,,Vietnam  ,Phu Quoc,0 297 368 8111,"Ong Lang Hamlet, Cua Duong Commune, Phu Quoc City, Kien Giang Province",,,,,7790201008685,Cong Ty Co Phan Hai Lam,Agribank,Kien Giang - Phu Quoc
CRS-35,CRS_Cruise,Grand Pioneers Halong Bay Cruises ,5*,,Vietnam  ,Ha Long,+84 39 992 9668,"3rd Floor, Pan Pacific No.1 Thanh Nien, Ba Dinh District, Hanoi",,,,,,,,
FNB-57,FNB_Restaurant,Grand Puncak Sari,Indonesian Buffet,,Indonesia  ,Bali,,,,,,,,,,
RST-41,RST_Resort,Grandis Hotels and Resorts,4*,,Malaysia  ,Kota Kinabalu,+60 88 522 888,"Suria Sabah Shopping Mall, 1A, Jalan Tun Fuad Stephens
Kota Kinabalu Sabah 88000
Malaysia",,,,,,,,
HMS-14,HMS_Homestay,Green Bamboo Lodge Resort,,,Vietnam  ,Ben Tre,Ms. Men- +84 824402345,"Hamlet 1, Nam Cat Tien, Tan Phu, Dong Nai, Viet Nam.",,,,,,,,
RST-11,RST_Resort,Green Bay Resort Phu Quoc,5*,,Vietnam  ,Phu Quoc,+84 297-390-0004,"Hamlet 4, Cua Can Commune, Phu Quoc City, Kien Giang Province",,,,,115002648554,CN PHU QUOC-CONG TY TNHH DU LICH PHU LAC,Viettinbank,Phu Quoc - Phu Quoc Branch
HMS-22,HMS_Homestay,Green Hope Lodge,Homestay,,Vietnam  ,Cat Tien,,,,,,,,,,
FNB-55,FNB_Restaurant,Greenkubu Tegalalang,Indonesian Restaurant,,Indonesia  ,Bali,,,,,,,,,,
PRT-07,PRT_Partner_DMC,GREENTRIP Tour,,,Vietnam  ,,,,,,,,044704070779799,GREENTRIP JOINT STOCK COMPANY,HD Bank,Nha Trang branch
INT-03,INT_Interpreter,Ha Quang Huy (Tomek),,,,Ho Chi Minh City,0868 018 011,,,,,,,,,
FNB-102,FNB_Restaurant,Halal Food Karim,Vietnamese - Malay Halal Restaurant,,Vietnam  ,Da Nang,Hotline - 0946529853,"186 Đ. Trần Hưng Đạo, An Hải Tây, Sơn Trà, Đà Nẵng 553300, Vietnam",,,,,,,,
HTL-04,HTL_Hotel,Hanoi Allure Hotel,4*,,Vietnam  ,Ha Noi,Ms. Lan - 0837665555,"52 Dao Duy Tu street, Hoan Kiem, Hanoi",,,,,0011003758593,CONG TY TNHH  TM DU LICH VAN HIEU,VIETCOMBANK ,Hanoi
HTL-41,HTL_Hotel,Hanoi Esplendor Hotel & Spa,3*,,Vietnam  ,Ha Noi,024 3927 2828,"80 P. Hàng Gà, Hàng Bồ, Hoàn Kiếm, Hà Nội ",,,,,19034710756018,NGO XUAN VO,Techcombank,
FNB-28,FNB_Restaurant,Hanoi Garden ,Vietnamese Restaurant,,Vietnam  ,Ha Noi,,,,,,,,,,
PRT-09,PRT_Partner_DMC,Hanoi Jeep Adventure,,,Vietnam  ,,Ms Van Sabrina- +84867080477 - +84388592091,,,,,,76026688,CONG TY TNHH DU LICH TRUYEN THONG DONG DUONG,VP bank,
HTL-49,HTL_Hotel,Hanoi Nostalgia Hotel & Spa,3*,,Vietnam  ,Ha Noi, +84 822643636,"13-15 Luong Ngoc Quyen Str, Hoan Kiem, Hanoi",,,,,"26110000080341
",CONG TY TNHH DU LICH HUNG CUONG,BIDV,Hanoi - Trang An
ATC-11,ATC_Attraction,Taman Negara National Park,,,Malaysia  ,Pahang,,,,,,,,,,
HTL-156,HTL_Hotel,Happy Life Grand Hotel & Sky Bar,4*,Good choice for mid-range groups or events.,Vietnam  ,Ho Chi Minh City,,,,,,,,,,
CRS-36,CRS_Cruise,Hera Grand Luxury Cruise,5*,,Vietnam  ,Ha Long,+84 3333.23.869,"366 Bach Dang Str., Hoan Kiem Dist., Hanoi Capital, Vietnam.",,,,,,,,
CRS-37,CRS_Cruise,Hermes Cruise,5*,,Vietnam  ,Ha Long,+84 24 3644 9988,"3rd Floor, 7/12A Ly Nam De Street, Hoan Kiem, Hanoi",,,,,,,,
PRT-10,PRT_Partner_DMC,Hermitage Experience Pte Ltd,,,Singapore  ,,Shiyi Tay  +65 9743 4820,"1 Coleman Street
#05-11C, The Adelphi
Singapore 179803",,,,,072-109976-4 (SGD),HERMITAGE EXPERIENCE PTE LTD,DBS Bank Ltd,Swift Code : DBSSSGSG
HTL-137,HTL_Hotel,Hiden Charm Hotel & Resort,4*,,Vietnam  ,Ninh Binh,,,,,,,,,,
HTL-11,HTL_Hotel,Hilton Kuching,5*,,Malaysia  ,Kuching,+60 82-223 888,"Jalan Tunku Abdul Rahman, 93100 Kuching, Sarawak, Malaysia",,,,,,,,
HTL-128,HTL_Hotel,Hilton Saigon,5*,,Vietnam  ,Ho Chi Minh City,,,,,,,,,,
FNB-05,FNB_Restaurant,Hoa Tuc - Hai Ba Trung branch,Colonial Restaurant,,Vietnam  ,Ho Chi Minh City,Mr. Cư - 0899921240,,,,,,0371000406476,CONG TY TNHH HOA TUC,VIETCOMBANK,Ho Chi Minh - Tan Dinh Branch
FNB-06,FNB_Restaurant,Hoa Tuc - Ngo Thoi Nhiem branch,Colonial Restaurant,,Vietnam  ,Ho Chi Minh City,,,,,,,1050706868,CONG TY TNHH HOA TUC,VIETCOMBANK,Ho Chi Minh - Tan Dinh Branch
GDE-53,GDE_Guide,Hoang Huan  - MHP ,,,Vietnam  ,Ha Noi,0968936397,,,,,,,,,
INT-02,INT_Interpreter,Hoang Oanh Julia,Senior Interpreter,,,Ho Chi Minh City,0981 163 360,,,,,,,,,
FNB-46,FNB_Restaurant,Hoang Tam Vinhome,Vietnamese Restaurant,,Vietnam  ,Ho Chi Minh City,,,,,,,,,,
INT-05,INT_Interpreter,Hoang Thanh Nguyet,,,,Ha Noi,0966 833 968,,,,,,,,,
FNB-87,FNB_Restaurant,Hoang’s Kitchen -Vietnamese cuisine & Vegan food,Vegetarian - Vegan Restaurant,,Vietnam  ,Ho Chi Minh City,Hotline - 0912993203,"45 Thủ Khoa Huân, Phường Bến Thành, Quận 1, Hồ Chí Minh 700000, Vietnam",Approved,2025-07-29,Adi,,,,,
FNB-88,FNB_Restaurant,Hoang's Restaurant - Vietnamese Restaurant & Vegan Food,Vegetarian - Vegan Restaurant,,Vietnam  ,Ho Chi Minh City,Hotline - 0949814805,"54 P. Hàng Buồm, Hàng Buồm, Hoàn Kiếm, Hà Nội 100000, Vietnam",Approved,2025-07-29,Adi,,,,,
RST-12,RST_Resort,Hoi An Beach Resort,4*,,Vietnam  ,Hoi An,Ms. Lan - 0935 761 576 ,"01 Cua Dai St., Hoi An City, Quang Nam Province, Vietnam",,,,,0651000506648,CN CTCP DLDV HOI AN- KHU DL BIEN HOI AN,VIETCOMBANK ,Quang Nam
PRT-11,PRT_Partner_DMC,Hoi An Express,,,Vietnam  ,,,,Secondary partner for Central VN,,,,,,,
HTL-51,HTL_Hotel,Hoi An Historic Hotel,4*,,Vietnam  ,Hoi An,,"10 Tran Hung Dao, Hoi An City",,,,,114000058873,CN CONG TY CP DU LICH DICH VU HOI AN - KHACH SAN HOI AN,Viettinbank ,Hoi An
HTL-50,HTL_Hotel,Hoian Central Hotel,3*,,Vietnam  ,Hoi An,Ms. Thao Nguyen +84 903 948 777,"301 Nguyen Duy Hieu, Hoi An City",,,,,112000185545,DOANH NGHIEP TU NHAN DU LICH AN PHAT,Viettinbank,Hoi An
FNB-91,FNB_Restaurant,Hong Hoai's Restaurant,Local Vegetarian - Vegan,,Vietnam  ,Ha Noi,Hotline - 0915033556,"20 P. Bát Đàn, Hàng Bồ, Hoàn Kiếm, Hà Nội 100000, Vietnam",,,,,,,,
TRS-08,TRS_Transport_Company,Hop On Hop Off Saigon (Double Decker bus),,,Vietnam  ,Ho Chi Minh City,Mr. Khánh - 0909287406,,,,,,0071000778912,CTY TNHH ANH VIET HOP ON- HOP OFF VIET NAM,VIETCOMBANK,HCMC - Sai Gon 
HTL-112,HTL_Hotel,Hotel de l Opera - MGallery Hanoi,5*,,Vietnam  ,Hanoi,,,,,,,,,,
HTL-142,HTL_Hotel,Hotel de la Coupole Sapa - MGallery Collection,5*,,Vietnam  ,Sapa,,,,,,,,,,
HTL-52,HTL_Hotel,Hotel des Arts Saigon - MGallery Collection,5*,,Vietnam  ,Ho Chi Minh City,Ms Huong - 0283 989 8888 Ext 166,"76-78 Nguyen Thi Minh Khai, Ward 6, District 3",,,,,0111100007355002 ,CONG TY CO PHAN QUOC TE DIPLOMAT ,OCB,Ho Chi Minh - Hoi So
HTL-47,HTL_Hotel,Hotel Grand Saigon,5*,,Vietnam  ,Ho Chi Minh City,Mrs. Hải +84 906731007 ,"08 Dong Khoi street, Dist. 1",,,,,0071000013993,KHACH SAN DONG KHOI GRAND HOTEL,VIETCOMBANK ,Ho Chi Minh
HTL-124,HTL_Hotel,Hotel Majestic Saigon,5*,,Vietnam  ,Ho Chi Minh City,,,,,,,,,,
HTL-15,HTL_Hotel,Hotel Maya Kuala Lumpur,5*,,Malaysia  ,Kuala Lumpur,+60 327 118 866,"138 Jalan Ampang, 50450 Kuala Lumpur, Malaysia",,,,,,,,
HTL-53,HTL_Hotel,Hotel Royal Hoi An  Gallery,5*,,Vietnam  ,Hoi An,+84 235 3950 888,"29 Dao Duy Tu, Hoi An",,,,,0651000770509,CONG TY CO PHAN TAP DOAN ROYAL CAPITAL,Vietcombank,Quang Nam branch
HTL-94,HTL_Hotel,Hotel Royal Signature ,5*,,Malaysia  ,Kuala Lumpur,+60 321 198 188,"21, Jalan Bukit Bintang, 55100 Kuala Lumpur",,,,,,,,
HTL-160,HTL_Hotel,Hotel test,,,,,,,,,,,,,,
FNB-86,FNB_Restaurant,Hum Signature - Healthy Veggies Delights,Vegetarian - Vegan Restaurant,,Vietnam  ,Ho Chi Minh City,Hotline - 0899189229,"32 Võ Văn Tần, Phường 6, Quận 3, Hồ Chí Minh 70000, Vietnam",Approved,2025-07-29,Adi,,,,,
HTL-54,HTL_Hotel,Hung Cuong Hotel,3*,,Vietnam  ,Chau Doc,,"96 Dong Da, Chau Phu A, Chau Doc, An Giang",,,,,0566,CONG TY TNHH HUNG CUONG,EXIMBANK ,An Giang - Chau Doc
GDE-30,GDE_Guide,Huong - Oxalis ,,,Vietnam  ,Quang Binh,,,,,,,,,,
HTL-55,HTL_Hotel,Huong Giang Hotel & Spa,4*,,Vietnam  ,Hue,0234 3822 122,"51 Lê Lợi, Phú Hội, Thành phố Huế, Thừa Thiên Huế",,,,,0161000080419,"KHACH SAN HUONG GIANG RESORT & SPA
                   CHI NHANH CONG TY CO PHAN DU LICH HUONG GIANG",VIETCOMBANK ,Thua Thien Hue
HST-11,HST_Hostess,Huynh Kieu Ngan,,,Vietnam  ,Ho Chi Minh City,Mr. Bảo - 0776140818,,,,,,,,,
GDE-06,GDE_Guide,Huynh Linh Thi,Support Guide,,Vietnam  ,Ho Chi Minh City,0857847715,,,,,,1014405739,HUYNH LINH THI,VIETCOMBANK,
RST-14,RST_Resort,Hyatt Regency Danang Resort and Spa,5*,,Vietnam  ,Da Nang,+84 236 398 1234 ,"5 Truong Sa Street, Hoa Hai Ward, Ngu Hanh Son District, Danang City, Vietnam",,,,,0041000123944,CONG TY CO PHAN KHU DU LICH BIEN NGU HANH SON,VIETCOMBANK ,Da Nang
HTL-14,HTL_Hotel,Ibis Malacca,4*,,Malaysia  ,Malacca,+60 622 28 888,"249, Jalan Bendahara, Kampung Bukit China, 75100 Melaka, Malaysia",,,,,,,,
HTL-163,HTL_Hotel,Ibis Melaka,,,Malaysia  ,,,,,,,,,,,
FNB-71,FNB_Restaurant,Indian restaurant in Little India,,,Malaysia  ,Kuala Lumpur,,,,,,,,,,
CRS-38,CRS_Cruise,Indochina Sails,5*,,Vietnam  ,Ha Long,+84-24 3984 2362,"1A4, Dam Trau, Hai Ba Trung District, Hanoi, Vietnam",,,,,,,,
HTL-114,HTL_Hotel,Intercontinental Hanoi West Lake,5*,,Vietnam  ,Hanoi,,,,,,,,,,
HTL-144,HTL_Hotel,J7 Angkor Hotel,5*,,Cambodia  ,Siem Reap,,,,,,,,,,
GDE-26,GDE_Guide,Jankowski Lukasz Jan,PL TL,,Vietnam  ,Ho Chi Minh City,0938968835,,,,,,,,,
RST-44,RST_Resort,JATI Koh Russey,5*,,Cambodia  ,Koh Russey - Sihanoukville,"Sophon Mao - Asst. Sales Manager
+855 95 66 77 65
sales@jati-resort.com ","Oung Village 180108, Koh Russey Island, 18108, Cambodia",,,,,,,,
PRT-12,PRT_Partner_DMC,Jeep Tour Phu Quoc,,,Vietnam  ,,Mr. Thong - 0946 751 459 ,,Main partner for Phu Quoc tours,,,,7271100087005,CTY TNHH MTV DV DU LICH JEEP PHU QUOC,MB Bank,Kien Giang - Phu Quoc Branch
GDE-85,GDE_Guide,Jim - Viet Action,,,Vietnam  ,,,,,,,,,,,
HTL-56,HTL_Hotel,Jovia Hotel,3*,,Vietnam  ,Ho Chi Minh City,Ms. Dung Tran - 0937851424  ,,Can not found information,,,,112612623333,CN CONG TY TNHH DICH VU TONG HOP JOLIE TAI TP. HO CHI MINH,VIETINBANK – CN  SONG HAN,Da Nang - Song Han 
PRT-26,PRT_Partner_DMC,Jungle boss,,,Vietnam  ,,,,Approved,,,,117002632870,CONG TY TNHH JUNGLE BOSS,VIETINBANK,Quang Binh
HMS-27,HMS_Homestay,Jungle Boss Travelodge,,,Vietnam  ,Quang Binh,,,,,,,,,,
HTL-130,HTL_Hotel,JW Marriot Hotel & Suites Saigon,5*,,Vietnam  ,Ho Chi Minh City,,,,,,,,,,
ATC-12,ATC_Attraction,Monkey Beach,,,Malaysia  ,Pahang,,,,,,,,,,
ATC-13,ATC_Attraction,Kinabalu Park,,,Malaysia  ,Kota Kinabalu,,,,,,,,,,
HTL-12,HTL_Hotel,Ketapang Indah Hotel ,4*,,Indonesia  ,Java,+62 333 42 280,"Jl. Gatot Subroto km.6 Banyuwangi 68421 East Java, Indonesia.",,,,,,,,
FNB-69,FNB_Restaurant,Khe Food Garden,Vietnamese Restaurant,CLOSED,Vietnam  ,Ho Chi Minh City,,,CLOSED FOREVER,,,,,,,
FNB-68,FNB_Restaurant,Khmer Kitchen,Cambodian Restaurant,,Cambodia  ,Siem Reap,,,,,,,,,,
HMS-19,HMS_Homestay,Khoa Homestay,Homestay,,Vietnam  ,Chau Doc,,,,,,,,,,
FNB-37,FNB_Restaurant,Khong Gian Xua Hue,Vietnamese Restaurant,,Vietnam  ,Hue,,,,,,,,,,
HST-07,HST_Hostess,Kieu Ngan,,,Vietnam  ,Ho Chi Minh City,Mr. Bảo - 0776140814,,,,,,,,,
HST-08,HST_Hostess,Kim Anh,,,Vietnam  ,Ho Chi Minh City,Mr. Bảo - 0776140815,,,,,,,,,
HTL-150,HTL_Hotel,Kin Hotel Dong Du,3*,Avoid unless nothing else available.,Vietnam  ,Ho Chi Minh City,,,,,,,,,,
HTL-152,HTL_Hotel,Kin Hotel Ly Tu Trong,4*,Should avoid until service improves.,Vietnam  ,Ho Chi Minh City,,,,,,,,,,
HTL-151,HTL_Hotel,Kin Hotel Thai Van Lung,4*,Good choice in this price range; can use.,Vietnam  ,Ho Chi Minh City,,,,,,,,,,
HTL-149,HTL_Hotel,Kin Hotel Thi Sach Edition,,Use cautiously; check renovation progress before booking.,Vietnam  ,Ho Chi Minh City,,,,,,,,,,
ATC-14,ATC_Attraction,Bali Pulina coffee plantation,,,Indonesia  ,Bali,,,,,,,,,,
ATC-15,ATC_Attraction,Alas Harum Bali Swing,,,Indonesia  ,Bali,,,,,,,,,,
ATC-16,ATC_Attraction,Tirta Empul Temple,,,Indonesia  ,Bali,,,,,,,,,,
RST-43,RST_Resort,Kobi Onsen Resort Hue,5*,,Vietnam  ,Hue,sm@kobionsenresorthue.com,,,,,,110603462555,CTCP DU LICH MY AN,Vietinbank,Thua Thien Hue
FNB-25,FNB_Restaurant,Koto Van Mieu,Vietnamese Restaurant,,Vietnam  ,Ha Noi,,,,,,,,,,
GDE-24,GDE_Guide,Kozlowski Lukasz Pawel,PL TL,,Vietnam  ,Ho Chi Minh City,0764624085,,,,,,,,,
ATC-17,ATC_Attraction,Virgin Beach,,,Indonesia  ,Bali,,,,,,,,,,
PRT-14,PRT_Partner_DMC,La Caph,,,Vietnam  ,,,,Approved,,,,0071001334975,CONG TY TNHH COLLECTIVE,Vietcombank ,CN VCB DONG SAI GON TRU SO CN
CRS-08,CRS_Cruise,La Casta Cruise ,5*,,Vietnam  ,Ha Long,Ms. Huong - 0965.672.066,"Room 401, 47 Le Van Huu Street (Floor 4th), Hai Ba Trung District, Hanoi",,,,,0141001333888,CN CONG TY TNHH DUONG HAI TAI HAI PHONG,Vietcombank,
CRS-39,CRS_Cruise,La Casta Regal Cruise,5*,,Vietnam  ,Ha Long,+84 961 398 066,"No. 47-49 Le Van Huu, Hai Ba Trung Dist., Hanoi",,,,,,,,
CRS-40,CRS_Cruise,La Regina Classic,5*,,Vietnam  ,Ha Long,+84 904 289 984,"5th floor, 38 Tran Xuan Soan Str, Hai Ba Trung Dist, Hanoi",,,,,,,,
CRS-41,CRS_Cruise,La Regina Grand,5*,,Vietnam  ,Ha Long,+84 904 289 984,"5th floor, 38 Tran Xuan Soan Str, Hai Ba Trung Dist, Hanoi",,,,,,,,
CRS-42,CRS_Cruise,La Regina Legend,5*,,Vietnam  ,Ha Long,+84 904 289 984,"5th floor, 38 Tran Xuan Soan Str, Hai Ba Trung Dist, Hanoi",,,,,,,,
CRS-10,CRS_Cruise,La Regina Royal Cruise,5*,,Vietnam  ,Ha Long,Ms Huyen - 0943 870 207,"5th floor, 38 Tran Xuan Soan Str, Hai Ba Trung Dist, Hanoi",,,,,44010000836886,CONG TY TNHH SEN HOANG GIA,BIDV,Quang Ninh
HTL-57,HTL_Hotel,La Siesta Hoian Resort & Spa ,5*,,Vietnam  ,Hoi An,Ms. Giang - 0912754340,"132 Hung Vuong street, Hoian",Can not found information,,,,112852949 ,CONG TY CO PHAN DU LICH VA KHACH SAN THANH LICH,ACB,Hanoi - Nguyen Huu Huan
HTL-25,HTL_Hotel,La Siesta Premium Hang Be Hotel,4*,,Vietnam  ,Ha Noi,+84 24 3926 3641,"94 Ma May, Hoan Kiem, Hanoi",,,,,,,,
HTL-122,HTL_Hotel,La Siesta Premium Saigon,5*,,Vietnam  ,Ho Chi Minh City,,,,,,,,,,
HTL-129,HTL_Hotel,La Siesta Premium Saigon Central,5*,,Vietnam  ,Ho Chi Minh City,,,,,,,,,,
HTL-58,HTL_Hotel,La Sinfonia Del Rey Hotel & Spa,4*,,Vietnam  ,Ha Noi,Ms. Anh - 0373854977,"33-35 P. Hàng Dầu, Lý Thái Tổ, Hoàn Kiếm, Hà Nội",,,,,12210006609999,CONG TY TNHH TAP DOAN PHU HO GIA,BIDV,Hanoi - Ha Thanh
HTL-59,HTL_Hotel,La Vela Saigon Hotel,5*,,Vietnam  ,Ho Chi Minh City, , ,,,,,0315419806,CTY Co Phan Dich Vu Du Lich Nha Hang Khach San Royal,HD Bank,Ho Chi Minh City - Ho Chi Minh
HTL-102,HTL_Hotel,Lalita Tam Coc Resort & Spa,4*,,Vietnam  ,Ninh Binh,,,,,,,,,,
GDE-71,GDE_Guide,Lam Tang Vien  - Venus ,,,Vietnam  ,Hoi An,,,,,,,,,,
CRS-26,CRS_Cruise,Lavender Elegance Cruise,4*,,Vietnam  ,Ha Long,+84 985 873 537,"49 Lo Su street ,Hoan Kiem Dis,Hanoi City, Vietnam",,,,,,,,
GDE-86,GDE_Guide,Lawrence - DTH Malaysia ,Senior Guide,,Malaysia  ,,,,,,,,,,,
HTL-99,HTL_Hotel,Le House Da Lat,,,Vietnam  ,Da Lat,,,,,,,,,,
HMS-15,HMS_Homestay,Le Jardin Du Mekong,Homestay,,Vietnam  ,Ben Tre,,,,,,,,,,
HTL-61,HTL_Hotel,Le Jardin Hotel & Spa,4*,,Vietnam  ,Ha Noi,Ms. Khanh Ly - 091 576 0034,"46A Nguyen Truong To St, Ba Dinh Dist,
Hanoi City , Vietnam",,,,,0511102623007,CONG TY CO PHAN QUAN LY KHACH SAN HA LAN,MB Bank,"Hanoi - Dien Bien Phu, Hanoi Branch"
HTL-60,HTL_Hotel,Le Jardin Hotel Haute Couture ,4*,,Vietnam  ,Ha Noi,Ms. Khanh Ly - 091 576 0034,"105 Nguyen Truong To, Ba Dinh, Ha Noi",,,,,1031125888,CONG TY CO PHAN QUAN LY KHACH SAN TGL,VIETCOMBANK ,Hanoi - South Hanoi
CRS-20,CRS_Cruise,Le Journey Elegance,5*,,Vietnam  ,Ha Long,+84 865 019 288,"No. 366, Bach Dang Str., Hoan Kiem Dist., Ha Noi",,,,,,,,
GDE-07,GDE_Guide,Le Lam,Senior Guide,,Vietnam  ,Ho Chi Minh City,0906119519,,,,,,0251002698895,LE LAM,VIETCOMBANK,HCM - Binh Tay Branch
HTL-123,HTL_Hotel,Le Meridien Saigon,5*,,Vietnam  ,Ho Chi Minh City,,,,,,,,,,
GDE-52,GDE_Guide,Le Minh Son  - MHP ,,,Vietnam  ,Ha Noi,0982430245,,,,,,,,,
GDE-78,GDE_Guide,Le Minh Thang  - Venus ,,,Vietnam  ,Hoi An,,,,,,,,,,
GDE-82,GDE_Guide,Le Tan Truong  - Venus ,,,Vietnam  ,Hoi An,,,,,,,,,,
INT-07,INT_Interpreter,Le Thanh Binh (Linh's Cousin),,,,Ho Chi Minh City,0376 494 670,,,,,,,,,
CRS-21,CRS_Cruise,Le Theatre Cruise,5*,,Vietnam  ,Ha Long,+84 372 795 908,"No. 3 Tran Khanh Du, Phan Chu Trinh Ward, Hoan Kiem District, Hanoi",,,,,,,,
HST-10,HST_Hostess,Le Thi Huyen Linh,,,Vietnam  ,Ho Chi Minh City,Mr. Bảo - 0776140817,,,,,,,,,
GDE-44,GDE_Guide,Le Thi Thuy Linh  - MHP ,Senior Guide,,Vietnam  ,Ha Noi,0348043922,,,,,,,,,
GDE-69,GDE_Guide,Le Xuan Duc  - Venus ,,,Vietnam  ,Hoi An,,,,,,,,,,
HTL-138,HTL_Hotel,Legacy Yen Tu  - MGallery Collection,5*,,Vietnam  ,Quang Ninh,,,,,,,,,,
ATC-18,ATC_Attraction,Tegenungan Waterfall,,,Indonesia  ,Bali,,,,,,,,,,
PRT-15,PRT_Partner_DMC,Les Rives,,,Vietnam  ,,,,Approved,,,,112000110474,CONG TY CO PHAN LES RIVES,VIETINBANK ,Ho Chi Minh - CN2 
HTL-62,HTL_Hotel,Liberty Central Saigon Centre,4*,,Vietnam  ,Ho Chi Minh City,Ms. Phuong - 0903898972,"179 Lê Thánh Tôn, Phường Bến Thành, Quận 1, Thành phố Hồ Chí Minh",,,,,1440194239,CN CTY CP QUE HUONG LIBERTY – KS LIBERTY CENTRAL SAIGON CENTRE,BIDV,CHI NHANH THONG NHAT
HTL-63,HTL_Hotel,Liberty Central Saigon Citypoint,4*,,Vietnam  ,Ho Chi Minh City,Ms Phuong  +84 903 898 972,"59 Pasteur, D.1, Hochiminh City",,,,,115000136224,CN CTCP SAI GON QUE HUONG – KS LIBERTY CENTRAL SAIGON CITYPOINT,VietinBank,CHI NHANH 7 TPHCM
HTL-29,HTL_Hotel,Liberty Central Saigon Riverside,4*,,Vietnam  ,Ho Chi Minh City,,,,,,,,,,
GDE-57,GDE_Guide,Linh - Mr.Mushroom ,Good Guide,,Vietnam  ,Cu Chi,,,,,,,,,,
FNB-36,FNB_Restaurant,Little Faifo,Vietnamese Restaurant,,Vietnam  ,Hoi An,,,,,,,,,,
HTL-64,HTL_Hotel,Little Gem,4*,,Vietnam  ,Hoi An,Ms. Selena Duong - 093 257 0901,"114 Tran Nhan Tong, Hoi An Dong, Da Nang",,,,,111002783188,CONG TY CP KHACH SAN NGOC CAT TUONG,Viettinbank,Quang Nam - Hoi An
HTL-133,HTL_Hotel,Little Oasis Hotel,5*,,Vietnam  ,Hoi An,,,,,,,,,,
HTL-65,HTL_Hotel,Little Residence,4*,,Vietnam  ,Hoi An,Ms. Lien +84 935 616 272,"35 Dao Duy Tu, Hoi An, Da Nang City",,,,,119002629636,CONG TY TNHH DAU TU VAN TOAN PHAT,Viettinbank,Quang Nam - Hoi An Branch
HTL-66,HTL_Hotel,Little Riverside Hoi An,5*,,Vietnam  ,Hoi An,0235 3575 555,"9 Phan Boi Chau, Hoi An Dong, Da Nang City",,,,,117693999999,CONG TY TNHH DAU TU VAN TOAN PHAT,Viettinbank,Quang Nam - Hoi An 
FNB-62,FNB_Restaurant,Living Land Farm,,,Laos  ,Luang Prabang,,,,,,,,,,
PRT-17,PRT_Partner_DMC,Lombok Tour Travel,,,Indonesia  ,,,,Main partner for Indonesia (not Bali),,,,,,,
TRS-09,TRS_Transport_Company,Long Van limousine,,,Vietnam  ,,,,,,,,,,,
HTL-162,HTL_Hotel,Lotus Blanc ,,,Cambodia  ,Siem Reap,,,,,,,,,,
RST-38,RST_Resort,Lotus Blanc Resort,5*,,Cambodia  ,Siem Reap,+855 15 430 222,"Lotus Blanc Hotel & Resort | National Road 6, Krous Village, 
Siem Reap, Cambodia",,,,,,,,
HTL-136,HTL_Hotel,Lotus Villa Boutique Hotel,3*,,Laos  ,Luang Prabang,,,,,,,,,,
FNB-27,FNB_Restaurant,Luk Lak ,Vietnamese Restaurant,,Vietnam  ,Ha Noi,,,,,,,,,,
INT-11,INT_Interpreter,Luong Minh Chinh,,,,Ha Noi,0948 060 950,,,,,,,,,
CRS-31,CRS_Cruise,M'Gloria Cruise,5*,,Vietnam  ,Ha Long,+84 973 957 044 ,"Lot 36B - Tuan Chau Marina, Halong , Quang Ninh",,,,,,,,
FNB-56,FNB_Restaurant,Maha Gangga Valley,Indonesian Restaurant,,Indonesia  ,Bali,,,,,,,,,,
GDE-49,GDE_Guide,Mai Cam Tu  - MHP ,Senior Guide,,Vietnam  ,Ha Noi,,,,,,,,,,
HMS-07,HMS_Homestay,Mai Chau Ecolodge,,,Vietnam  ,Mai Chau,0218 381 9888,"Na Chieng Hamlet, Na Phon Commune, Mai Chau District, Hoa Binh Province",,,,,,,,
RST-48,RST_Resort,Mai Chau Hideaway,,,Vietnam  ,Mai Chau,02186 288 899,"Suoi Lon village, Tan Mai, Mai Chau District, Hoa Binh Province",,,,,1026983898,CONG TY TNHH DU LICH NGHI DUONG  MAI CHAU HIDEAWAY,Vietcombank ,Hoa Binh - Hoa Binh
HTL-67,HTL_Hotel,Mai House Saigon,5*,,Vietnam  ,Ho Chi Minh City,Ms. Phượng - 093 318 8228,"157 Nam Ky Khoi Nghia, Xuan Hoa, HCMC",,,,,8868226868,CT TNHH BAT DONG SAN ARECO,VIETCOMBANK,GIA DINH
GDE-75,GDE_Guide,Mai Xuan Bang  - Venus ,,,Vietnam  ,Hoi An,,,,,,,,,,
CRS-14,CRS_Cruise,Majesty Prime Cruise,5*,,Vietnam  ,Ha Long,+84 866806680,"Suite 302, The One Bulding,
No.2 Chuong Duong Do Str, Hoan Kiem Dist, Hanoi Cty, Vietnam.",,,,,,,,
GDE-101,GDE_Guide,Makara - Robert ,Senior Guide,,Cambodia  ,,,,,,,,,,,
FNB-65,FNB_Restaurant,Malis ,,,Cambodia  ,Siem Reap,,,,,,,,,,
FNB-61,FNB_Restaurant,Manda De Lao,,,Laos  ,Luang Prabang,,,,,,,,,,
FNB-60,FNB_Restaurant,Manivanh - Pak ou Caves,,,Laos  ,Luang Prabang,,,,,,,,,,
ATC-19,ATC_Attraction,Monkey Forest,,,Indonesia  ,Bali - Ubud,,,,,,,,,,
GDE-93,GDE_Guide,Marie - DTH Malaysia ,,,Malaysia  ,,,,,,,,,,,
GDE-92,GDE_Guide,Mariea - DTH Malaysia ,,,Malaysia  ,,,,,,,,,,,
FNB-79,FNB_Restaurant,Masala Art Indian Restaurant at Minerva Church Hanoi,Indian Halal Restaurant,,Vietnam  ,Ha Noi,Hotline - 0393252726,"No.9 Nha Tho, Minerva Church Hotel Hoan Kiem Ward, Hanoi City, Hà Nội 10000, Vietnam",Approved,2025-07-29,Adi,,,,,
SRV-01,SRV_Service,Massage Ham Nghi 137,,,Vietnam  ,Ho Chi Minh City,,,,,,,,,,
HTL-48,HTL_Hotel,May De Ville Lakeside,5*,,Vietnam  ,Ha Noi,Mrs. Lan Phương - 090 455 0378,"43 Gia Ngu Str, Hoan Kiem Dist, Hanoi",,,,,0011003714362,CONG TY TNHH THUONG MAI VA DICH VU PHU VAN HUNG ,VIETCOMBANK,
HTL-154,HTL_Hotel,Me Saigon Boutique Hotel,4*,Highly recommended; should use.,Vietnam  ,Ho Chi Minh City,,,,,,,,,,
FNB-08,FNB_Restaurant,Mekong Reststop,Vietnamese Restaurant,,Vietnam  ,Tien Giang,Hotline: 0933 334 445,,,,,,24434697 ,HA MINH KHE,ACB ,Tien Giang - My Tho
PRT-18,PRT_Partner_DMC,Mekong Travel Vinh Long (Ut Trinh),,,Vietnam  ,Vinh Long,Mekong Travel +84 914 243 252,,,,,,7300211020782,Cong ty du lich Mekong Travel,Agribank,Vinh Long - Vinh Long
HTL-113,HTL_Hotel,Melia Hanoi,5*,,Vietnam  ,Hanoi,,,,,,,,,,
HTL-93,HTL_Hotel,Melia Kuala Lumpur,4*,,Malaysia  ,Kuala Lumpur,,"16, Jln Imbi, Bukit Bintang, 55100 Kuala Lumpur, Federal Territory of Kuala Lumpur, Malaysia",,,,,90906667777,CTY CP DT BDS KHACH SAN THAI DUONG,TP Bank,Ho Chi Minh
HTL-143,HTL_Hotel,Memoire D'Angkor Boutique ,4*,,Cambodia  ,Siem Reap,,,,,,,,,,
HTL-119,HTL_Hotel,Meritel Hanoi,4*,,Vietnam  ,Hanoi,,,,,,,,,,
RST-37,RST_Resort,Merusaka Nusa Dua,5*,,Indonesia  ,Bali,+62  361 2002900,"Kawasan Wisata Nusa Dua Lot S-3, Kabupaten Badung, Bali 80363",,,,,,,,
FNB-92,FNB_Restaurant,MẸT Vietnamese restaurant & Vegetarian Food 1,Vietnamese - Vegetarian Restaurant,,Vietnam  ,Ha Noi,Hotline - 0985627976,"29 P. Hàng Trống, Hàng Trống, Hoàn Kiếm, Hà Nội 11000, Vietnam",,,,,,,,
HTL-92,HTL_Hotel,Mi Rochor,4*,,Singapore  ,Singapore,+65 6669 8822,"89 Short St, Singapore 188216",Approved,,,,,,,
GDE-27,GDE_Guide,Michalowski Krzysztof Michal,PL TL,,Vietnam  ,Ho Chi Minh City,0933605737,,,,,,,,,
PRT-19,PRT_Partner_DMC,Minh MHP,,,Vietnam  ,Ha Noi,Mr. Minh -+ 84 906282235,"Suite 586, building 235 Nguyen Ngoc Nai street, Thanh Xuan District, Hanoi ",Main partner for North VN,,,,014704060067108,MHP TRAVEL JOINT STOCK COMPANY - CONG TY CO PHAN DU LICH MHP,VIB ,Hanoi - Hanoi
HST-04,HST_Hostess,Minh Thuy,,,Vietnam  ,Ho Chi Minh City,Mr. Bảo - 0776140811,,,,,,,,,
HTL-147,HTL_Hotel,Mintra Hotel,3*,,Laos  ,Vientiane,,,,,,,,,,
HTL-68,HTL_Hotel,Moire Hoi An Vignette Collection By IHG,5*,,Vietnam  ,Hoi An,,"Xuyen Trung Block, Cam Nam Ward, Hoi An",,,,,110002964979,Cong ty CP Ngoc Hoi An,Vietinbank,Quang Nam - Hoi An
CRS-43,CRS_Cruise,Mon Cheri Cruises,5*,,Vietnam  ,Ha Long,+84 243 933 5728,"5th floor, No 16 Thi Sach Street, Pham Dinh Ho ward, Hai Ba Trung Dist, Hanoi City",,,,,,,,
ATC-20,ATC_Attraction,Ulun Danu Beratan Temple,,,Indonesia  ,Bali,,,,,,,,,,
ATC-21,ATC_Attraction,Sakti Garden Ubud,,,Indonesia  ,Bali - Ubud,,,,,,,,,,
FNB-32,FNB_Restaurant,Morning Glory Signature,Vietnamese Restaurant,,Vietnam  ,Hoi An,,,,,,,,,,
HTL-35,HTL_Hotel,Movenpick Hotel Hanoi Centre,5*,,Vietnam  ,Ha Noi,+84 243 822 2800,"83A Ly Thuong Kiet, Hoan Kiem, Hanoi",,,,,,,,
RST-15,RST_Resort,Mövenpick Resort Waverly Phu Quoc,5*,,Vietnam  ,Phu Quoc,Mr Dat - +84 91 516 1944,"Group 01, Ong Lang Hamlet Cua Duong Village, Phu Quoc Island ",,,,,257659062,CONG TY CO PHAN NGOI SAO CUA DUONG,VP Bank,Hanoi 
INT-16,INT_Interpreter,Mr. Dai,,,,Ha Noi,0379 855 634,,,,,,,,,
DRV-03,DRV_Driver_of_vehicle,Mr. Nghia - Kaito,,,Vietnam  ,Ho Chi Minh City,,,,,,,,,,
DRV-04,DRV_Driver_of_vehicle,Mr. Nhan - Kaito,,,Vietnam  ,Ho Chi Minh City,,,,,,,,,,
GDE-111,GDE_Guide,Mr. Thanh - Green Trip ,,,Vietnam  ,Nha Trang,,,,,,,,,,
INT-17,INT_Interpreter,Mr. Vinh,,,,Ho Chi Minh City,"0919 188 809
0939 779 889",,,,,,,,,
PRT-20,PRT_Partner_DMC,Ms . Pham - Sapa Package Tour,,,Vietnam  ,,Ms. Pham,,Main partner for Sapa tours,,,,37610000014772,LY MAY PHAM,BIDV ,Lao Cai - Sapa
PRT-21,PRT_Partner_DMC,Ms Kieu - Ben Tre Package,,,Vietnam  ,,Ms Kieu - 0918938701,,Main partner for 1d Mekong tours,,,,8640062704,CN TAI TIEN GIANG - CONG TY TNHH TMDV DL TT TIA ANH SANG,BIDV,Ho Chi Minh City - Dong Khoi 
ATC-22,ATC_Attraction,Kawah Ijen Volcano trek,,,Indonesia  ,Java,,,,,,,,,,
RST-39,RST_Resort,Mulu Marriott Resort&Spa,5*,,Malaysia  ,Sarawak,+60 85 792388,"Sungai Melinau, PO Box 1145, Mulu, Malaysia, 98008",,,,,,,,
ATC-23,ATC_Attraction,Kecak Dance Performance,,,Indonesia  ,Bali,,,,,,,,,,
RST-33,RST_Resort,Munduk Sari Resort,3*,,Indonesia  ,Bali,+62 361 747 5473,"JL Raya Kayuputih, Munduk, Banjar Buleleng North Bali ZIP. 81152",,,,,,,,
FNB-82,FNB_Restaurant,Musa Karim Halal Restaurant,Vietnamese - Malay Halal Restaurant,,Vietnam  ,Ho Chi Minh City,Hotline - 0937571119,"47 Đ. Nguyễn An Ninh, Phường Bến Thành, Quận 1, Hồ Chí Minh, Vietnam",Approved,2025-07-29,Adi,,,,,
GDE-40,GDE_Guide,My  - MHP ,,,Vietnam  ,Ha Noi,,,,,,,,,,
HTL-19,HTL_Hotel,MyBanLao Hotel,5*,,Laos  ,Luang Prabang, 071252078,"Thammamikalath Rd, Ban Mano. Ban Mano Rd, Luang Prabang",,,,,,,,
HMS-17,HMS_Homestay,Nam Ham Luong,Homestay,,Vietnam  ,Ben Tre,,,,,,,,,,
FNB-10,FNB_Restaurant,Nen Light Restaurant,Fine Dining,,Vietnam  ,Ho Chi Minh City,,,,,,,19026853862088,Le Hoang Huy,Techcombank,Thanh Khe
RST-29,RST_Resort,Nexus Resort & Spa Karambunai,5*,,Malaysia  ,Kota Kinabalu,+60 88 480 888,"Off Jalan Sepanger Bay, Locked Bag 100,88993 Kota Kinabalu, Sabah, Malaysia",,,,,,,,
INT-13,INT_Interpreter,Ngo Minh Thuy (Danuta),,,,Out of country,0878 592 705,,,,,,,,,
FNB-103,FNB_Restaurant,NGON Vegan,Vegetarian - Vegan Restaurant,,Vietnam  ,Ninh Binh,Hotline - 0338348063,"Tam Coc Rd, Ninh Hải, Hoa Lư, Ninh Bình, Vietnam",,,,,,,,
GDE-35,GDE_Guide,Nguyen Anh Duc - MHP ,,,Vietnam  ,Ha Noi,,,,,,,,,,
GDE-08,GDE_Guide,Nguyen Duc Kien,Support Guide,,Vietnam  ,Ho Chi Minh City, 0902934895,,,,,,9902934895,NGUYEN DUC KIEN,Vietcombank,HCM branch - Hung Vuong
GDE-33,GDE_Guide,Nguyen Ha Mai - MHP ,,,Vietnam  ,Ha Noi,038 6696372,,,,,,,,,
INT-04,INT_Interpreter,Nguyen Ha My,,,,Ha Noi,0836 040 968,,,,,,,,,
GDE-09,GDE_Guide,Nguyen Huu Gia Huy,Support Guide,,Vietnam  ,Ho Chi Minh City,0964923978,,,,,,0441000711247,Nguyen Huu Gia Huy,VIETCOMBANK,
GDE-84,GDE_Guide,Nguyen Huynh Thao Vy  - Venus ,,,Vietnam  ,Hoi An,,,,,,,,,,
INT-10,INT_Interpreter,Nguyen Khanh Hoang (Tina's Brother),,,,Ho Chi Minh City,0869 186 638,,,,,,,,,
GDE-76,GDE_Guide,Nguyen Minh Phuc  - Venus ,,,Vietnam  ,Hoi An,,,,,,,,,,
INT-15,INT_Interpreter,Nguyen Nam Cuong (Tomek),,,,Ho Chi Minh City,+48 570 041 078,,,,,,,,,
GDE-10,GDE_Guide,Nguyen Ngoc Han,Support Guide,,Vietnam  ,Ho Chi Minh City,0363077799,,,,,,"03819160101
",NGUYEN NGOC HAN,Tp bank , Tien Giang Branch
GDE-11,GDE_Guide,Nguyen Quang Huy,Good Guide,,Vietnam  ,Ho Chi Minh City,0988779252,,,,,,17710000415213,NGUYEN QUANG HUY,BIDV,HCM - Truong Son Branch 
GDE-68,GDE_Guide,Nguyen Thanh Chau  - Venus ,,,Vietnam  ,Hoi An,,,,,,,,,,
GDE-12,GDE_Guide,Nguyen Thanh Nam,Support Guide,,Vietnam  ,Ho Chi Minh City,0961366473,,,,,,0881000457274,NGUYEN THANH NAM,VIETCOMBANK,
GDE-50,GDE_Guide,Nguyen Thi Hoa  - MHP ,,,Vietnam  ,Ha Noi,,,,,,,,,,
HST-01,HST_Hostess,Nguyen Thi Hoang Yen,,,Vietnam  ,Ho Chi Minh City,Mr. Bảo - 0776140808,,,,,,,,,
HST-03,HST_Hostess,Nguyen Thi Linh Chi,,,Vietnam  ,Ho Chi Minh City,Mr. Bảo - 0776140810,,,,,,,,,
GDE-13,GDE_Guide,Nguyen Thi My Duyen,Pickup Guide,,Vietnam  ,Ho Chi Minh City,0909701036 ,,,,,,"0909701036 
",NGUYEN THI MY DUYEN ,MBBank,
GDE-51,GDE_Guide,Nguyen Van Chung  - MHP ,,,Vietnam  ,Ha Noi,,,Banned,,,,,,,
GDE-14,GDE_Guide,Nguyen Van Hai (Gymer),Good Guide,,Vietnam  ,Ho Chi Minh City,0876788679,,,,,,19036922324013,NGUYEN VAN HAI,Techcombank ,HCM - District 4 branch
GDE-66,GDE_Guide,Nguyen Van Tran  - Venus ,,,Vietnam  ,Hoi An,,,,,,,,,,
GDE-48,GDE_Guide,Nguyen Xuan Thanh  - MHP ,,,Vietnam  ,Ha Noi,0369598688,,,,,,,,,
FNB-73,FNB_Restaurant,Nhà hàng du lịch anh Giang - Delta from Ms. Kieu lunch,Vietnamese Restaurant,,Vietnam  ,Ho Chi Minh City,,,,,,,,,,
FNB-43,FNB_Restaurant,Nhat Nguyet Coffee - D5 Branch,Cafe,,Vietnam  ,Ho Chi Minh City,,,,,,,,,,
PRT-22,PRT_Partner_DMC,Nhi Gia,,,Vietnam  ,,,,Main partner for air tickets,,,,0511000401397,NHI GIA TRADING AND SERVICE COMPANY LIMITED,VCB,Sai Gon 
HMS-25,HMS_Homestay,Ninh Binh Family Homestay,Homestay,,Vietnam  ,Ninh Binh,,,,,,,,,,
HTL-20,HTL_Hotel,Nong Kiau Riverside,Homestay,,Laos  ,Nong Klau,+85 620 22 40 66 77,"78/1 Ban Sop Houn, Nong Kiau 06060, Lào",,,,,,,,
HTL-69,HTL_Hotel,Northern Charm Hotel,4*,,Vietnam  ,Ho Chi Minh City,,"11A Thi Sach, Ben Nghe, District 1, HCMC",,,,,1018132973,CT TNHH TM DV KHACH SAN QUY PHUONG BAC,Vietcombank,HCMC-HCMC
CRS-56,CRS_Cruise,Nostalgia,4*,,Vietnam  ,Ha Long,,,,,,,,,,
HTL-17,HTL_Hotel,Nouvo City Hotel,4*,,Thailand  ,Bangkok,+66 2 282 7500,"2 Samsen 2 Road, Phranakorn, Bangkok 10200",,,,,,,,
HTL-23,HTL_Hotel,Novotel Bangkok Sukhumvit 20,4*,,Thailand  ,Bangkok,+66 200 94999,"19/9 Soi Sukhumvit 20, Sukhumvit Road, Klongtoey, 10110 Bangkok
Thailand",,,,,,,,
HTL-22,HTL_Hotel,Novotel Bangkok Sukhumvit 4,4*,,Thailand  ,Bangkok,+66 2 659 2888,"27 Sukhumvit 4 Alley, Khwaeng Khlong Toei, Khet Khlong Toei, Bangkok 10110, Tajlandia",,,,,,,,
RST-16,RST_Resort,Novotel Phu Quoc Resort,4*,,Vietnam  ,Phu Quoc,0 297 626 4912,"Duong Bao Hamlet, Duong To Commune, Phu Quoc City, Vietnam
",,,,,22210003159999,PHU QUOC INVESTMENT AND DEVELOPMENT JOINT STOCK CORPORATION,BIDV,Hanoi - THanh Xuan Branch
HTL-127,HTL_Hotel,Novotel Saigon Centre,4*,,Vietnam  ,Ho Chi Minh City,,,,,,,,,,
GDE-28,GDE_Guide,Nowak Andrzej Piotr,PL TL,,Vietnam  ,Ho Chi Minh City,0982538991 ,,,,,,,,,
GDE-103,GDE_Guide,Nui Kanook - Robert ,Senior Guide,,Thailand  ,,,,,,,,,,,
HTL-161,HTL_Hotel,Nuovo Bangkok,,,Thailand  ,Bangkok,,,,,,,,,,
FNB-22,FNB_Restaurant,O Bun Cha Ha Noi,Vietnamese Restaurant,"Served in a pretty way, but the restaurant is quite small",Vietnam  ,Ha Noi,,,,,,,,,,
RST-17,RST_Resort,Ocean Bay Resort & Spa Phu Quoc,5*,,Vietnam  ,Phu Quoc,"Mrs. Trang 
+84 2973 909 979","Ong Lang Hamlet, Cua Duong Commune, Phu Quoc City, Kien Giang Province",,,,,943997979,CONG TY CO PHAN HAI LAM,MB Bank,HCMC - South Sai Gon Branch
HTL-24,HTL_Hotel,Orchard Rendezvous Hotel,4*,,Singapore  ,Singapore,+65 6737 1133,1 Tanglin Road Singapore 247905,,,,,,,,
CRS-09,CRS_Cruise,Orchid Classic Cruise ,5*,,Vietnam  ,Ha Long,Ms. Phuong - 0902012069,"22/45/200 Au Co Str., Tay Ho Dist., Hanoi, Vietnam",,,,,0141008888666,CONG TY CP DU THUYEN PELICAN HA LONG CAT BA,Vietcomabank,Quang Ninh
CRS-44,CRS_Cruise,Orchid Premium Cruise,5*,,Vietnam  ,Ha Long,+84 24 3759 3098,"Asia Sky Building, 73 Ly Nam De Str, Hoan Kiem Dist., Hanoi, Vietnam.",,,,,,,,
CRS-15,CRS_Cruise,Orchid Trendy Cruise,5*,,Vietnam  ,Ha Long,Ms. Phuong - 0902012069,"22/45/200 Au Co Str., Tay Ho Dist., Hanoi, Vietnam",,,,,,,,
HTL-70,HTL_Hotel,Orchids Saigon Hotel,4*,,Vietnam  ,Ho Chi Minh City,Ms. Phước - 0772 726 382,"192 Pasteur, Xuan Hoa, HCMC",,,,,119002776625,CONG TY TNHH THUONG MAI DICH VU DU LICH ORCHIDS,Vietinbank,Branch 2 HCM
CRS-28,CRS_Cruise,Oriental Sails,3*,,Vietnam  ,Ha Long,84-243 926 4009,"11A Cao Ba Quat street, Dien Bien quarter, Ba Dinh District, Hanoi City, Viet Nam",,,,,,,,
PRT-27,PRT_Partner_DMC,Oxalis Tour ,,,Vietnam  ,,,,Approved,,,,0311000732632,CONG TY TNHH OXALIS HOLIDAY,Vietcomabank,Quang Ninh
ATC-24,ATC_Attraction,Kuang Si waterfall,,,Laos  ,Luang Prabang,,,,,,,,,,
RST-18,RST_Resort,Palm Garden Resort,5*,,Vietnam  ,Hoi An,0905464196,"Lac Long Quan Street, Cua Dai Ward, Hoi An, Vietnam",,,,,0041000305953,CONG TY TNHH MOT THANH VIEN PHUOC THINH - PALM GARDEN,Vietcomabank,Quang Nam
RST-19,RST_Resort,Pandanus Resort Mui Ne,4*,,Vietnam  ,Mui Ne,0 252 3849 849,"3 Nguyen Huu Tho, Mui Ne,
Phan Thiet  77118, Binh Thuan, Viet Nam",,,,,0071002978730,THIEN THAI MUI NE JOINT STOCK COMPANY,VIETCOMBANK ,Binh Thuan
HTL-72,HTL_Hotel,Pao's Sapa Leisure Hotel,5*,,Vietnam  ,Sapa,0214 625 3999,"Muong Hoa Street, Sapa Town, Lao Cai",,,,,0951006669999,CTY CPDT INDOCHINA- CN KS TAI MUONG HOA,VIETCOMBANK,Lao Cai - Lao Cai
CRS-16,CRS_Cruise,Paradise Elegance Cruise,5*,,Vietnam  ,Ha Long,+84 24 3941 6666,"Phòng 903, Tầng 9, Tòa nhà Gelex, Số 52 Phố Lê Đại Hành, Quận Hai Bà Trưng, Hà Nội, Việt Nam",,,,,,,,
CRS-45,CRS_Cruise,Paradise Grand Cruise,5*,,Vietnam  ,Ha Long,+84 24 3941 6666,"Phòng 903, Tầng 9, Tòa nhà Gelex, Số 52 Phố Lê Đại Hành, Quận Hai Bà Trưng, Hà Nội",,,,,,,,
CRS-46,CRS_Cruise,Paradise Peak Cruise,5*,,Vietnam  ,Ha Long,+84 24 3941 6666,"Phòng 903, Tầng 9, Tòa nhà Gelex, Số 52 Phố Lê Đại Hành, Quận Hai Bà Trưng, Hà Nội",,,,,,,,
CRS-47,CRS_Cruise,Paradise Sails,5*,,Vietnam  ,Ha Long,+84 24 3941 6666,"Phòng 903, Tầng 9, Tòa nhà Gelex, Số 52 Phố Lê Đại Hành, Quận Hai Bà Trưng, Hà Nội",,,,,,,,
HTL-98,HTL_Hotel,Paris Hotel Chau Doc,,,Vietnam  ,Chau Doc,,,,,,,,,,
HTL-73,HTL_Hotel,Park Hyatt Saigon,5*,,Vietnam  ,Ho Chi Minh City,+84 28 3824 1234,"2 Lam Son Square, Saigon",,,,,0071000902133,GRAND IMPERIAL SAIGON HOTEL LIMITED LIABILITY COMPANY (d/b/a PARK HYATT SAIGON),Vietcombank,Ho Chi Minh City Branch
GDE-32,GDE_Guide,Pasek - Gairah Travel,,,Indonesia  ,Bali,,,,,,,,,,
CRS-48,CRS_Cruise,Peony Cruises,5*,,Vietnam  ,Ha Long,,,,,,,,,,
HTL-39,HTL_Hotel,Peridot Gallery Classic Boutique Hotel,4*,,Vietnam  ,Ha Noi,Ms. Thuy - 0348 438 585,"52 Bat Su Street, Hoan Kiem District, Ha Noi",,,,,1061779999,CONG TY TNHH VAT TU THIET BI TUAN LONG,VIETCOMBANK ,Hanoi - CHuong Duong Branch
HTL-13,HTL_Hotel,Peridot Grand Luxury Boutique,5*,,Vietnam  ,Ha Noi,+84 886 428 888.,"33 Duong Thanh Street, Hoan Kiem District, Ha Noi",,,,,,,,
RST-13,RST_Resort,Perle D'Orient Cat Ba - MGallery,5*,,Vietnam  ,Cat Ba,+84 225 388 7360 ,"Cat Co 3 Beach, Cat Ba, Cat Hai, Cat Ba island, Hai Phong City ",,,,,3338333009,TRUONG BINH MINH JSC,Indovina Bank Limited,Hai Phong - Hai Phong
DRV-01,DRV_Driver_of_vehicle,Phan Hien - Kaito,,,Vietnam  ,Ho Chi Minh City,,,,,,,,,,
GDE-17,GDE_Guide,Phan Ngoc Hoa,Good Guide,,Vietnam  ,Ho Chi Minh City,0868382571,,,,,,0911000071050,Phan Ngoc Hoa,VIETCOMBANK ,Tan Son Nhat Branch
HST-13,HST_Hostess,Phan Nguyen Ai Lien,,,Vietnam  ,Ho Chi Minh City,Mr. Bảo - 0776140820,,,,,,,,,
HST-09,HST_Hostess,Phan Phuong Uyen,,,Vietnam  ,Ho Chi Minh City,Mr. Bảo - 0776140816,,,,,,,,,
GDE-16,GDE_Guide,Phan Thi Truc Ngan,Senior Guide,,Vietnam  ,Ho Chi Minh City,0938612887,,,,,,,,,
GDE-15,GDE_Guide,Phan Tran Dieu Mai,Pickup Guide,,Vietnam  ,Ho Chi Minh City,0903598260,,,,,,00000065613,Phan Tran Dieu Mai,TP Bank,Cao Thang Branch
GDE-73,GDE_Guide,Phan Van Dien  - Venus ,,,Vietnam  ,Hoi An,,,,,,,,,,
ATC-25,ATC_Attraction,Pak Ou caves,,,Laos  ,Luang Prabang,,,,,,,,,,
ATC-26,ATC_Attraction,Songlao sunset cruise,,,Laos  ,Luang Prabang,,,,,,,,,,
FNB-11,FNB_Restaurant,Pho 1$,Local Vietnamese Restaurant,,Vietnam  ,Ho Chi Minh City,,,,,,,69803666868,Tran Thi Thanh,MB bank,
FNB-31,FNB_Restaurant,Pho Cuon 31 - Ngu Xa,Local Vietnamese Restaurant,,Vietnam  ,Ha Noi,,,,,,,,,,
FNB-75,FNB_Restaurant,Pho Cuon Huong Mai - Ngu Xa Branch,Local Vietnamese Restaurant,,Vietnam  ,Ha Noi,,,,,,,,,,
FNB-48,FNB_Restaurant,Pho Thanh Nam,Local Vietnamese Restaurant,,Vietnam  ,Ho Chi Minh City,,,,,,,,,,
TRS-02,TRS_Transport_Company,Phu Quoc Express,,,Vietnam  ,,0989.566.889 ,"Số 90 Trần Hưng Đạo, Thị trấn Dương Đông, Huyện Phú Quốc, Kiên Giang, Việt Nam ",,,,,68996688,CONG TY TNHH THUONG MAI  DU LICH DAC KHU PHU QUOC VIET NAM,ACB,Kien Giang - Phu Quoc
GDE-83,GDE_Guide,Phung Vinh Huy  - Venus ,,,Vietnam  ,Hoi An,,,,,,,,,,
GDE-60,GDE_Guide,Phuong - Vam Xang ,,,Vietnam  ,Vam Xang,,,,,,,,,,
HMS-03,HMS_Homestay,Phuong Pham Homestay,Homestay,,Vietnam  ,Ta Phin,,,,,,,,,,
HTL-140,HTL_Hotel,Pistachio Hotel Sapa,4*,,Vietnam  ,Sapa,,,,,,,,,,
HMS-09,HMS_Homestay,Pu Luong Eco Garden,,,Vietnam  ,Thanh Hoa,0987 129 129,"Bang Village, Ba Thuoc District, Thanh Hoa Province",,,,,284704071666999,Cong Ty TNHH Dau Tu Thuong Mai va Du Lich Tien Phat,HD Bank ,Thai Nguyen Branch
HMS-10,HMS_Homestay,Pu Luong Jungle Lodge,,,Vietnam  ,Thanh Hoa,0866 362 002,"Bam Village, Thanh Lam Ward, Ba Thuoc District, Thanh Hoa Province",,,,,1037219196 ,HKD JUNGLE.LODGE PULUONG,VCB,Hanoi - Thanh Xuan
HMS-11,HMS_Homestay,Pu Luong Retreat,,,Vietnam  ,Thanh Hoa,0968 447 786,"Ban Don, Thanh Lam Commune, Ba Thuoc District, Thanh Hoa Province.",,,,,,,,
HTL-74,HTL_Hotel,Pullman Hanoi,5*,,Vietnam  ,Ha Noi,+84 24 3733 0688,"40 Cat Linh, Dong Da, Hanoi",,,,,2003165002,Global Toserco Ltd - Pullman Hanoi,Indovina bank,Hanoi 
RST-20,RST_Resort,Pullman Phu Quoc Beach Resort,5*,,Vietnam  ,Phu Quoc,Ms Huệ/ 0 297 627 9999- from the slide,"GROUP 6, BAN QUY HAMLET, DUONG BAO AREA, DUONG TO COMMUNE, PHU QUOC,",,,,,111002918321 ,CONG TY CO PHAN MILTON ,VIETINBANK,Hanoi - Thanh An Branch
HTL-125,HTL_Hotel,Pullman Saigon Centre,5*,,Vietnam  ,Ho Chi Minh City,,,,,,,,,,
GDE-100,GDE_Guide,Putu Agus - Gairah Travel ,Senior Guide,,Indonesia  ,,,,,,,,,,,
GDE-81,GDE_Guide,Quach Trung Viet   - Venus ,,,Vietnam  ,Hoi An,,,,,,,,,,
FNB-45,FNB_Restaurant,Quan An Bac Hien,Local Vietnamese Restaurant,,Vietnam  ,Ho Chi Minh City,,,,,,,,,,
FNB-41,FNB_Restaurant,Quan Bui - Le Thanh Ton Branch,Vietnamese Restaurant,,Vietnam  ,Ho Chi Minh City,,,,,,,,,,
FNB-12,FNB_Restaurant,Quan Bui Central ,Colonial Restaurant,,Vietnam  ,Ho Chi Minh City,,1B Ngo Van Nam,,,,,3102778807,Chi nhanh cong ty TNHH Am Thuc D Va T,BIDV,Ho Chi Minh branch
FNB-39,FNB_Restaurant,Quan Hanh Hue,Vietnamese Restaurant,,Vietnam  ,Hue,,,,,,,,,,
HMS-02,HMS_Homestay,Quoc Phuong Riverside ,Homestay,,Vietnam  ,Ben Tre,,,,,,,0071000007454,CONG TY CO PHAN DỊCH VU DU LICH PHU THO,VCB,HO CHI MINH - HUNG VUONG
PRT-28,PRT_Partner_DMC,Red Bridge Cooking Class Hoi An,,,Vietnam  ,,,,Approved,,,,0041000452046,CONG TY LIEN DOANH CAU DO,VIETCOMBANK ,Hoi An - Pho Hoi
FNB-02,FNB_Restaurant,Red House Seafood Nanyang Clarke Quay,Seafood/Chinese Restaurant,"Closing time after lunch very strict
12:00-14:30
17:00-22:00",Singapore  ,Singapore  ,,"3C River Valley Road 01-02/03, The Cannery, Singapore 179022",,,,,,,,
HTL-126,HTL_Hotel,Renaissance Riverside Hotel Saigon,5*,,Vietnam  ,Ho Chi Minh City,,,,,,,,,,
FNB-54,FNB_Restaurant,Restoran Nyonya Cantik,Nyonya Restaurant,,Malaysia  ,Malacca,,,,,,,,,,
HTL-76,HTL_Hotel,Rex Hanoi Hotel,5*,,Vietnam  ,Ha Noi,0243 556 5588,"42-44 Gia Ngu, Hoan Kiem, Hanoi",,,,,1027461667,CONG TY CO PHAN DICH VU THUONG MAI DU LICH HOA BINH,VIETCOMBANK ,Hanoi - South Hanoi
FNB-47,FNB_Restaurant,Rice Field restaurant,Vietnamese Restaurant,,Vietnam  ,Ho Chi Minh City,,,,,,,,,,
CRS-49,CRS_Cruise,Rita Cruises,5*,,Vietnam  ,Ha Long,,,,,,,,,,
HTL-26,HTL_Hotel,Rivora Heights,5*,,Sri Lanka,Kandy,+94 812 063 688,"34 Rajapihilla Mawatha, Kandy 20000, Sri Lanka",,,,,,,,
FNB-94,FNB_Restaurant,Roots Plant-based Cafe - Healthy Vegan restaurant,Vegetarian - Vegan Restaurant,,Vietnam  ,Da Nang,Hotline - 0865528252,"26-27 Trần Bạch Đằng, Bắc Mỹ Phú, Ngũ Hành Sơn, Đà Nẵng 550000, Vietnam",,,,,,,,
HTL-77,HTL_Hotel,Rosaleen Boutique Hotel,3*,,Vietnam  ,Hue,+84  234 394 6555,"36 Chu Van An, Hue City",,,,,5560017384,CONG TY TNHH THUONG MAI DICH VU VA DU LICH TRUONG GIANG,BIDV ,Hue - Phu Xuan
CRS-22,CRS_Cruise,Rosy Cruises,5*,,Vietnam  ,Ha Long,+84-24 3939 3555,"23 Hang Voi Street, Ha Noi city, Viet Nam.",,,,,,,,
CRS-27,CRS_Cruise,Royal Palace Cruise,4*,,Vietnam  ,Ha Long,024 3926 2328/ 091 331 7474,"9 Hang Huong, Hoan Kiem",,,,,,,,
HTL-131,HTL_Hotel,Royal Riverside Hotel & Spa,4*,,Vietnam  ,Hoi An,,,,,,,,,,
FNB-77,FNB_Restaurant,Saffron Indian Restaurant Ninh Binh,Indian Halal Restaurant,,Vietnam  ,Ninh Binh,Hotline - 0769665777,"20 P. Bát Đàn, Hàng Bồ, Hoàn Kiếm, Hà Nội 100000, Vietnam",Approved,2025-07-29,Adi,,,,,
TRS-03,TRS_Transport_Company,Sai Gon Boat Company,,,Vietnam  ,Ho Chi Minh City,,,,,,,778787,Saigon Boat Company Limited,Techcombank,Hochiminh
GDE-104,GDE_Guide,Sak,,,Laos  ,,,,,,,,,,,
RST-30,RST_Resort,Sakti Garden Resort & Spa ,4*,,Indonesia  ,Bali,+62 361 978488,"Jl. Suweta, Ubud, Kecamatan Ubud, Kabupaten Gianyar, Bali 80571",,,,,,,,
ATC-27,ATC_Attraction,Tonle Sap floating villages,,,Cambodia  ,Siem Reap,,,,,,,,,,
HTL-105,HTL_Hotel,Sala Danang Beach Hotel,4*,,Vietnam  ,Da Nang,,,,,,,,,,
RST-21,RST_Resort,Salinda Resort Phu Quoc Island,5*,,Vietnam  ,Phu Quoc,Mr. Sy - +84 96 887 3413,"Cua Lap Hamlet, Duong To Commune, Phu Quoc Island, Kien Giang Province, Vietnam",,,,,0181003430339,CONG TY TNHH AN CUONG,VIETCOMBANK,Ho Chi Minh - South Sai Gon
HTL-158,HTL_Hotel,Salute Saigon Hotel & Spa,4*,Should not use under any circumstance.,Vietnam  ,Ho Chi Minh City,,,,,,,,,,
HTL-27,HTL_Hotel,Sanakeo Boutique Hotel & Spa Lao,4*,,Laos  ,Luang Prabang,+85 6 71 252 055,"205 Phu Vao Road, Luang Prabang, Lào",,,,,,,,
HTL-107,HTL_Hotel,Sandy Beach,4*,,Vietnam  ,Da Nang,,,,,,,,,,
RST-22,RST_Resort,Sang Nhu Ngoc Resort,,,Vietnam  ,Chau Doc, 02966 538 538,"Group 3, An Hoa Hamlet, An Hao Commune, Tinh Bien District, An Giang Province",,,,,0471000329399,Cong ty TNHH MTV Sang Nhu Ngoc,VCB,An Giang - Chau Doc
FNB-96,FNB_Restaurant,Sangha,Vegetarian - Vegan Restaurant,,Vietnam  ,Da Nang,Hotline - 02363836979,"84 Hoàng Văn Thụ, Phước Ninh, Hải Châu, Đà Nẵng 550000, Vietnam",,,,,,,,
HTL-07,HTL_Hotel,Sanouva Saigon Hotel,3*,,Vietnam  ,Ho Chi Minh CIty,Mrs. Bien - 0986394799,"177 Ly  Tu Trong St., Ben Thanh Ward, D1, HCMC",,,,,8104567898989,CONG TY CO PHAN PHAT TRIEN VA DAU TU QHOME,Viet Capital Bank,HO CHI MINH
FNB-44,FNB_Restaurant,Sao Hom Restaurant,Vietnamese Restaurant,,Vietnam  ,Can Tho,,,,,,,,,,
HTL-78,HTL_Hotel,Sapa Relax hotel,3*,,Vietnam  ,Sapa,+84 214 3800 368,,,,,,37610000129320,CONG TY TNHH MTV DICH VU GIA HUY,BIDV ,Lao Cai - Sapa
HTL-79,HTL_Hotel,SAPA VISTA HOTEL,3*,,Vietnam  ,Sapa,Mr. Quyet - 0916725787,"Số 70 Phan xi păng, Phường Sa Pa, TX Sapa, Lào Cai",Banned,,,,37610000090222,CONG TY TNHH MTV DU LICH VA THUONG MAI SPT,BIDV,Lao Cai - Sapa
HTL-141,HTL_Hotel,Sapa Yen Hotel,3*,,Vietnam  ,Sapa,,,,,,,,,,
CRS-23,CRS_Cruise,Sapphire Cruises,5*,,Vietnam  ,Ha Long,+84 24 39 26 23 28,"9 HangHuong, HoanKiem, HangMa, HoanKiem, Hanoi, Vietnam",,,,,,,,
TRS-04,TRS_Transport_Company,SBS Transfer,,,Vietnam  ,,Mr. Âu - 0909553545,"31 Tran Khac Chan St, Tan Dinh Ward, Dist 1, HCM City",,,,,1171100331007,CONG TY TNHH DAU TU M VA H,MB Bank ,Ho Chi Minh - Sai Gon
CRS-11,CRS_Cruise,Scarlet Pearl Cruise,5*,,Vietnam  ,Ha Long,+84 919 115 589,"3th Flr, 262 Ba Trieu Str, Ha Ba Trung Dist, Hanoi, Vietnam",,,,,6011102220009,Cong ty TNHH Scarlet Pearl,MB Bank,Quang Ninh - Quang Ninh
HTL-100,HTL_Hotel,Scenic Moutain Ecolodge,,,Vietnam  ,Ninh Binh,,,,,,,,,,
HTL-86,HTL_Hotel,Sea Phoenix Hotel,3*,,Vietnam  ,Da Nang,0236 3525 999,"115 Ho Xuan Huong, Bac My An, Ngu Hanh Son",,,,,111617485555,Cong ty TNHH thuong mai va dich vu Sea Phoenix,Viettinbank,Da Nang - North Da Nang
PRT-24,PRT_Partner_DMC,Secret Experience,,,Vietnam  ,,,,Approved,,,,1029019743,Cong Ty TNHH Secret Experiences,Vietcombank,Hochiminh City - VCB Thu Thiem - PGD Thao Dien
GDE-87,GDE_Guide,Selvam - DTH Malaysia ,,,Malaysia  ,,,,,,,,,,,
ATC-28,ATC_Attraction,Phnom Kulen National Park,,,Cambodia  ,Siem Reap,,,,,,,,,,
FNB-89,FNB_Restaurant,Sen Viet Hanoi - Vegan Restaurant,Local Vegetarian - Vegan,,Vietnam  ,Ha Noi,Hotline - 0762154815,"91B P. Hàng Mã, Phố cổ Hà Nội, Hoàn Kiếm, Hà Nội, Vietnam",,,,,,,,
CRS-53,CRS_Cruise,Sena Cruise,4*,,Vietnam  ,Ha Long,,,,,,,,,,
HTL-80,HTL_Hotel,Senna Hue Hotel,5*,,Vietnam  ,Hue,Ms. Hien - 0919 394 762,"07 Nguyen Tri Phuong, Hue",,,,,5011102616006,CONG TY CO PHAN THUONG MAI DICH VU THUAN PHU,MB Bank,HUe
CRS-66,CRS_Cruise,Serenity Cruise,,,Vietnam  ,Ha Long,,,,,,,,,,
ATC-29,ATC_Attraction,Apopo Visitor Center,,,Cambodia  ,Siem Reap,,,,,,,,,,
FNB-70,FNB_Restaurant,SH Garden Dong Khoi,Vietnamese Restaurant,,Vietnam  ,Ho Chi Minh City,,,,,,,,,,
FNB-95,FNB_Restaurant,"Shamballa Vegetarian, Greenhouse & Rooftop Bar - Da Nang",Vegetarian - Vegan Restaurant,,Vietnam  ,Da Nang,Hotline - 0775648668,"277 Đ. Trần Hưng Đạo, An Hải Bắc, Sơn Trà, Đà Nẵng 550000, Vietnam",,,,,,,,
FNB-85,FNB_Restaurant,"Shamballa Vegetarian, Restaurant & Teahouse - Sai Gon",Vegetarian - Vegan Restaurant,,Vietnam  ,Ho Chi Minh City,Hotline - 0917876788,"17-19 Đ. Trịnh Văn Cấn, St, Quận 1, Hồ Chí Minh 70000, Vietnam",Approved,2025-07-29,Adi,,,,,
ATC-30,ATC_Attraction,Phare Circus,,,Cambodia  ,Siem Reap,,,,,,,,,,
RST-47,RST_Resort,Shangri-La Boracay,,,Philippines  ,,,,,,,,,,,
CRS-50,CRS_Cruise,Signature Ha Long Cruise,5*,,Vietnam  ,Ha Long,,,,,,,,,,
HTL-135,HTL_Hotel,Silk Path Hue Grand Hotel,5*,,Vietnam  ,Hoi An,,,,,,,,,,
HTL-81,HTL_Hotel,Silk Path Luxury Hotel ,4*,,Vietnam  ,Ha Noi,+84 243 266 8585,"195 Hang Bong, Ha Noi",,,,,0571101608888,CONG TY TNHH KHACH SAN SILK PATH,MB Bank,Hanoi - Hoan Kiem
HTL-82,HTL_Hotel,Silverland Ben Thanh,4*,,Vietnam  ,Ho Chi Minh City,028 3827 2740,"14-16 Le Lai, Ben Thanh, District 1",,,,,110000038135,CONG TY TNHH KHACH SAN TAN HAI LONG,VIETTINBANK ,Ho Chi Minh City 
HTL-83,HTL_Hotel,Silverland May,4*,,Vietnam  ,Ho Chi Minh City,Ms. Huyen +84 78 353 2764,"28-30 Thi Sach, Ben Nghe, District 1",,,,,117002932952,CT TNHH KHACH SAN SILVERLAND MAY,Viettinbank,HCMC - HCMC
HTL-84,HTL_Hotel,Silverland Yen,4*,,Vietnam  ,Ho Chi Minh City,Mr. Minh - 0933156262,"73-75 Thu Khoa Huan Street, Ben Thanh Ward, District 1, Ho Chi Minh City_x000D_",,,,,113000182437,CONG TY TNHH MOT THANH VIEN KHACH SAN SILVERLAND YEN,VIETINBANK ,Ho Chi Minh City 
FNB-58,FNB_Restaurant,Singing Cooks and Waiters Atbp.,Filipino Restaurant,,Philippines  ,Manila,,,,,,,,,,
RST-23,RST_Resort,Six Senses Ninh Van Bay,5*,,Vietnam  ,Nha Trang,0 258 3524 268,,,,,,0061370154798,SIX SENSES HIDEAWAY NINH VAN BAY, Vietcom Bank ,Khanh hoa branch
RST-46,RST_Resort,Sofitel Angkor Phokeethra Golf & Spa Resort,,,Cambodia  ,,,,,,,,,,,
HTL-110,HTL_Hotel,Sofitel Legend Metropole Hanoi,5*,,Vietnam  ,Hanoi,,,,,,,,,,
HTL-85,HTL_Hotel,Sofitel Sai Gon Plaza,5*,,Vietnam  ,Ho Chi Minh City,+84 28 3824 1555,"17 Le Duan, Ben Nghe, District 1",,,,,1023300309,CTY TNHH LIEN DOANH KHACH SAN PLAZA KHACH SAN SOFITEL PLAZA SAIGON,UNITED OVERSEAS BANK ,Central Plaza Branch
RST-40,RST_Resort,Sofitel Sentosa Singapore Resort & Spa,5* ,,Singapore  ,Sentosa,+65 67088310,"2 Bukit Manis Road, Sentosa, 099891, SINGAPORE, Singapore",,,,,,,,
RST-24,RST_Resort,SOL by Melia Phu Quoc,4*,,Vietnam  ,Phu Quoc,Ms. Thu Cuc - +84 297 386 99 99,"Duc Viet Tourist Area, Zone 1, Bai Truong Complex, Duong To Commune, 
Phu Quoc District, Kien Giang Province,
",,,,,0091000625666,CONG TY TNHH DUC VIET,VIETCOMBANK ,Kien Giang - Phu Quoc
HTL-116,HTL_Hotel,Solaria Hotel Hanoi,4*,,Vietnam  ,Hanoi,,,,,,,,,,
RST-36,RST_Resort,Somadevi Angkor Boutique & Resort,5*,,Cambodia  ,Siem Reap,+855 63962666,"Oum Chhay St, Krong Siem Reap",,,,,,,,
ATC-31,ATC_Attraction,Mulu National Park,,,Malaysia  ,Sarawak,,,,,,,,,,
GDE-04,GDE_Guide,Sophia - DTH Malaysia,Support Guide,"Hard to work with, if possible request another guide for TL, never use for groups without TL",Malaysia  ,,,,,,,,,,,
FNB-19,FNB_Restaurant,Spice Garden Tam Coc,Vietnamese Restaurant,,Vietnam  ,Ninh Binh,,,,,,,,,,
HTL-28,HTL_Hotel,St Giles Wembely Penang,,,Malaysia  ,Penang,60-4-2598000,"183, Jalan Magazine, George Town, Penang, Pulau Pinang, Malaysia, 10300",,,,,,,,
CRS-24,CRS_Cruise,Starlight Cruise,5*,,Vietnam  ,Ha Long,84-243 926 4009,"11A Cao Ba Quat street, Dien Bien quarter, Ba Dinh District, Hanoi City, Viet Nam",,,,,,,,
CRS-17,CRS_Cruise,Stellar of the seas Cruise,5*,,Vietnam  ,Ha Long,+84 2439335419,"3rd Floor, PaxSky Building, 70 Hoa Ma Street, Hai Ba Trung District, Hanoi, Vietnam",,,,,,,,
GDE-88,GDE_Guide,Stevie - DTH Malaysia ,,,Malaysia  ,,,,,,,,,,,
FNB-100,FNB_Restaurant,Sua Vegan Restaurant Hoi An,Vegetarian - Vegan Restaurant,,Vietnam  ,Hoi An,,,,,,,,,,
CRS-61,CRS_Cruise,Sunlight Boutique Cruise,4*,,Vietnam  ,Ha Long,,,,,,,,,,
CRS-62,CRS_Cruise,Sunlight Cruise,4*,,Vietnam  ,Ha Long,,,,,,,,,,
HMS-23,HMS_Homestay,Sunny Eco Lodge,Homestay,,Vietnam  ,Cat Tien,,,,,,,,,,
GDE-94,GDE_Guide,Susan - DTH Malaysia ,,,Malaysia  ,,,,,,,,,,,
CRS-12,CRS_Cruise,Swan Cruise,4*,,Vietnam  ,Ha Long,Ms. Linh - +84 243 933 5599,"44 Ham Tu Quan, 1st Floor at Bach Dang building, Hoan Kiem District, Hanoi City",,,,,0141000890898,CONG TY CO PHAN DU LICH VINH THIEN NGA,"VIETCOMBANK 
",VCB QUANG NINH -TRU SO CN
GDE-89,GDE_Guide,Switchely (Michael) - DTH Malaysia ,,,Malaysia  ,,,,,,,,,,,
GDE-39,GDE_Guide,Ta Thi Mai - MHP ,,,Vietnam  ,Ha Noi,0335374666,,,,,,,,,
HMS-12,HMS_Homestay,Tam Coc Holiday Hotel & Villa,,,Vietnam  ,Ninh Binh,0 229 6279 279,"Doi 1, Van Lam village, Ninh Hai commune, Hoa Lu district, Ninh Binh province",,,,,1201078888,HKD Le Xuan Quyet,VCB,Ninh Binh
RST-42,RST_Resort,Tam Coc Retreat,4*,,Vietnam  ,Ninh Binh,,,,,,,,,,
HMS-28,HMS_Homestay,Tam Coc Rice Fields homestay,,,Vietnam  ,Ninh Binh,,,,,,,,,,
HTL-101,HTL_Hotel,Tam Coc Windy Fields,3*,,Vietnam  ,Ninh Binh,,,,,,,,,,
ATC-32,ATC_Attraction,Bako National Park,,,Malaysia  ,Kuching,,,,,,,,,,
HTL-145,HTL_Hotel,Tara Angkor Hotel,4*,,Cambodia  ,Siem Reap,,,,,,,,,,
FNB-101,FNB_Restaurant,Tasty House - Vietnamese & Indian Halal Restaurant,Vietnamese - Indian Halal Restaurant,,Vietnam  ,Hoi An,Hotline - 0817972727,"27 Thoại Ngọc Hầu, Phường Minh An, Hội An, Quảng Nam 560000, Vietnam",,,,,,,,
ATC-33,ATC_Attraction,Semenggoh Wildlife Centre,,,Malaysia  ,Kuching,,,,,,,,,,
RST-31,RST_Resort,Tekoma Resort Taman Negara,3*,,Malaysia  ,Pahang,+60 18-323 7527,"(1383570-K)
Kuala Tahan, 27000 Jerantut, Pahang, Malaysia",,,,,,,,
GDE-96,GDE_Guide,Terri - DTH Singapore  ,,,Singapore  ,,,,,,,,,,,
GDE-108,GDE_Guide,Thanongsack - Biig Laos,,,Laos  ,Luang Prabang,+856 20 5522 3686,,,,,,,,,
RST-01,RST_Resort,The Anam Cam Ranh,5*,,Vietnam  ,Cam Ranh,+84 258 398 9499,"Lot D3, Peninsula Cam Ranh, Cam Hai Dong,
Cam Lam, Khanh Hoa, Vietnam",,,,,0181003444618,Cong ty TNHH MTV Bien Dong Bai Dai,VCB,Ho Chi Minh - Nam Sai Gon
RST-02,RST_Resort,The Anam Mui Ne,5*,,Vietnam  ,Mui Ne,+84 252 628 4868,"18 Nguyen Dinh Chieu, Quarter 1, Ham Tien Ward, Phan Thiet City, Binh Thuan Province, Vietnam ",,,,,6349407001,EAST SEA MUINE TOURIST COMPANY LIMITED,INDOVINA BANK ,Ho Chi Minh - Tan Binh
FNB-83,FNB_Restaurant,The Daun Restaurant,SEA Halal Restaurant,,Vietnam  ,Ho Chi Minh City,Hotline - 0932027578,"48 Lê Lai, Phường Bến Thành, Quận 1, Hồ Chí Minh, Vietnam",Approved,2025-07-29,Adi,,,,,
FNB-13,FNB_Restaurant,The Deck Saigon,Fine Dining,,Vietnam  ,Ho Chi Minh City,,,,,,,189814029,CTY TNHH MTV NHA HANG TREN SONG ,ACB,Chi nhanh Quan 2
HTL-95,HTL_Hotel,The Face Suites,5*,,Malaysia  ,Kuala Lumpur,+60 3 2168 1688 ,"1020, Jalan Sultan Ismail, 50250 Kuala Lumpur, Malaysia.",,,,,,,,
HTL-30,HTL_Hotel,The George Penang by The Crest Collection,5*,,Malaysia  ,Penang,+60 4 291 9000,"138 Jln Penang, George Town, 10100 George Town, Pulau Pinang, Malaysia",,,,,,,,
HTL-88,HTL_Hotel,The Myst Dong Khoi Hotel,5*,,Vietnam  ,Ho Chi Minh City,Ms. Trinh - 0908 450 078,"6-8 Ho Huan Nghiep, Saigon",,,,,0071001143054,CONG TY TNHH MTV KHACH SAN THE MYST DONG KHOI,Vietcombank,Ho Chi Minh City - Ho Chi Minh
HTL-157,HTL_Hotel,The Odys Boutique Hotel,4*,Highly recommended; great choice.,Vietnam  ,Ho Chi Minh City,,,,,,,,,,
HTL-71,HTL_Hotel,The Oriental Jade Hotel & Spa,5*,,Vietnam  ,Ha Noi,Ms. Hiền +84 868 902 286,"92-94 Hang Trong, Hoan Kiem, Ha Noi",,,,,119002687657,Cong ty co phan thuong mai Savin Viet Nam,VIETTINBANK ,Ha Noi - Hoang Mai
HTL-89,HTL_Hotel,The Reed Hotel ,4*,,Vietnam  ,Ninh Binh,+84 229 3889979,"Dinh Dien Street, Hoa Lu Ward, Ninh Binh",,,,,0221000066302,Cong ty TNHH dau tu thuong mai Nam Ninh,VCB,Ninh Binh - Ninh Binh
HTL-75,HTL_Hotel,The Reverie Saigon,5*,,Vietnam  ,Ho Chi Minh City,+84 28 3823 6688,"22-36 Nguyen Hue Boulevard, Saigon",,,,,0071002416593,CT CP DT TIMES SQUARE VIET  NAM,VIETCOMBANK ,HO CHI MINH 
RST-25,RST_Resort,The Shells Resort and Spa Phu Quoc,5*,,Vietnam  ,Phu Quoc,+84 297 3718 888,"Ganh Gio Beach, Duong Dong Ward
Phu Quoc City, Kien Giang, Vietnam",,,,,0697041105143,CONG TY CP PHU QUOC TRAN THAI,Vietcapital Bank,
HTL-97,HTL_Hotel,The Shore Hotel & Residences,4*,,Malaysia  ,Malacca,+60 12 288 4069,"Jalan Persisiran Bungai Raya, 75100 Melaka, Malaysia",,,,,,,,
FNB-15,FNB_Restaurant,The Straits Kitchen & Bar,5* Hotel Restaurant,,Vietnam  ,Ho Chi Minh City,0906 677 923,,,,,,,,,
FNB-66,FNB_Restaurant,The Sugar Palm,Cambodian Restaurant,,Cambodia  ,Siem Reap,,,,,,,,,,
FNB-07,FNB_Restaurant,The Trieu Institute,Restaurant & Cocktails Bar,,Vietnam  ,Ho Chi Minh City,,,,,,,1020797792,CONG TY CO PHAN TRIEU HOSPITALITY,VCB,
FNB-90,FNB_Restaurant,The Veg Restaurant - Vegan & coffee - Nhà hàng Chay,Vegetarian - Vegan Restaurant,,Vietnam  ,Ha Noi,Hotline - 0869933033,"Level 2, 13 P. Đinh Tiên Hoàng, Hàng Trống, Hoàn Kiếm, Hà Nội 100000, Vietnam",,,,,,,,
HTL-33,HTL_Hotel,The Waterfront Hotel Kuching,5*,,Malaysia  ,Kuching,+60 82-227 227,"68 Jalan Tun Abang Haji Openg, 93000 Kuching, Sarawak, Malaysia",,,,,,,,
HST-06,HST_Hostess,Thien Huong,,,Vietnam  ,Ho Chi Minh City,Mr. Bảo - 0776140813,,,,,,,,,
GDE-46,GDE_Guide,Thuong  - MHP ,,,Vietnam  ,Ha Noi,,,,,,,,,,
HMS-13,HMS_Homestay,Thuy Tien homestay,Homestay,,Vietnam  ,Dong Nai - Cat Tien,0974 940 745,"879, Hamlet1, Nam Cat Tien Wards, Tan Phu District, Dong Nai Province",,,,,31310000829764,Nguyen Thuy Tien,BIDV ,HCMC - North Sai Gon Branch
RST-26,RST_Resort,TIA Wellness Resort,5*,,Vietnam  ,Da Nang,+84 2363 967 999,"109 Vo Nguyen Giap Street, Ngu Hanh Son District, Danang City, Vietnam",,,,,0041001084199,CN Cong ty Co phan Dau tu 559 – Khu DLND TIA WELLNESS,Vietcombank,Da Nang - Da Nang
INT-09,INT_Interpreter,Tina,,,,Ho Chi Minh City,0866 963 839,,,,,,,,,
HTL-90,HTL_Hotel,Tirant Hotel,4*,,Vietnam  ,Ha Noi,Ms. Lan - 0837665555,"36-38-40 Gia Ngu Str, Hoan Kiem Dist., Hanoi, Viet Nam ",,,,,0011003758593,CONG TY TNHH  TM DU LICH VAN HIEU,VIETCOMBANK ,Hanoi
ATC-34,ATC_Attraction,Shangri-La Boracay,,,Philippines  ,Boracay,,,,,,,,,,
ATC-35,ATC_Attraction,Tirta Gangga,,,Indonesia  ,Bali,,,,,,,,,,
GDE-79,GDE_Guide,Ton That Than  - Venus ,,,Vietnam  ,Hoi An,,,,,,,,,,
ATC-36,ATC_Attraction,Lempuyang Temple ,,,Indonesia  ,Bali,,,,,,,,,,
FNB-105,FNB_Restaurant,Top of Hanoi ,,,Vietnam  ,,,,,,,,,,,
ATC-37,ATC_Attraction,Angkor Wat ,,,Cambodia  ,Siem Reap,,,,,,,,,,
GDE-72,GDE_Guide,Tran Cong Minh Son  - Venus ,,,Vietnam  ,Hoi An,,,,,,,,,,
GDE-58,GDE_Guide,Tran Sang,,,Vietnam  ,Ho Chi Minh City,,,,,,,,,,
HST-02,HST_Hostess,Tran Thanh Ha,,,Vietnam  ,Ho Chi Minh City,Mr. Bảo - 0776140809,,,,,,,,,
GDE-34,GDE_Guide,Tran Trung Duc (Trump) - MHP ,Senior Guide,,Vietnam  ,Ha Noi,0393148252,,,,,,,,,
GDE-19,GDE_Guide,Tran Xuan Huy,Support Guide,,Vietnam  ,Ho Chi Minh City,0938021301,,,,,,0938021301,TRAN XUAN HUY,Vietinbank,HCM branch
GDE-31,GDE_Guide,Trang - Jungle Boss,,,Vietnam  ,Quang Binh,,,,,,,,,,
GDE-61,GDE_Guide,Trang - Vam Xang ,,,Vietnam  ,Vam Xang,,,,,,,,,,
TRS-05,TRS_Transport_Company,Trinh Gia - Kaito,,,Vietnam  ,,Mr.Kaito - 0399212359,,,,,,997376868,CONG TY TNHH DICH VU DU LICH VAN TAI ANH THU PHAM,MB Bank,Ho Chi Minh - Doc Lap
GDE-47,GDE_Guide,Trinh Giang  - MHP ,,,Vietnam  ,Ha Noi,0823447639,,,,,,,,,
GDE-18,GDE_Guide,Trinh Thi Mo,Pickup Guide,,Vietnam  ,Ho Chi Minh City,0908665158,,,,,,0621000428717 ,TRINH THI MO,VIETCOMBANK ,Phan Thiet branch
FNB-26,FNB_Restaurant,Truong An Ninh Binh,Local Vietnamese Restaurant,,Vietnam  ,Ninh Binh,,,,,,,,,,
HTL-21,HTL_Hotel,TTC Hotel Can Tho,4*,,Vietnam  ,Can Tho, 0292 3812 210,"2 Hai Ba Trung, Ninh Kieu Ward, Can Tho City",,,,,1044584798,CT TNHH DL NGHI DUONG SINH THAI CAN THO,VIETCOMBANK ,Hanoi - So Giao Dich - PGD Nguyen Chi Thanh
HST-05,HST_Hostess,Tu Trinh,,,Vietnam  ,Ho Chi Minh City,Mr. Bảo - 0776140812,,,,,,,,,
HTL-104,HTL_Hotel,Tui Ba Gang Central ,Starless,,Vietnam  ,Da Lat,,,,,,,,,,
ATC-38,ATC_Attraction,Bicycle tour Ninh Binh,,,Vietnam  ,Ninh Binh,,,,,,,,,,
CRS-54,CRS_Cruise,Unicharm Cruise,4*,,Vietnam  ,Ha Long,,,,,,,,,,
HMS-18,HMS_Homestay,Ut Trinh Homestay Ben Tre,Homestay,,Vietnam  ,Ben Tre,,,,,,,,,,
HST-14,HST_Hostess,Uyen Nhi,,,Vietnam  ,Ho Chi Minh City,Mr. Bảo - 0776140821,,,,,,,,,
FNB-99,FNB_Restaurant,V Vegan - Vegan Cafe & Restaurant,Vegetarian - Vegan Restaurant,,Vietnam  ,Hoi An,Hotline - 02353919109,"108 Nguyễn Thái Học, Old Town, Hội An, Quảng Nam, Vietnam",,,,,,,,
HMS-05,HMS_Homestay,Vam Xang Rustic,Homestay,,Vietnam  ,Can Tho,Ms Quyen ,"002 Nhon Loc 1 Hamlet, Phong Dien District, Can Tho City",,,,,1035022206,HKD DIEM THAM QUAN VUONN TRAI CAY VAM XANG,VIETCOMBANK ,Can Tho
GDE-106,GDE_Guide,Vanny Chhoem - Kim Christinair,,,Cambodia  ,Siem Reap,+855 99 808 717,,,,,,,,,
PRT-16,PRT_Partner_DMC,Vega Yacht,,,Vietnam  ,Nha Trang,"Duong Le Nhat 
+84 898 388 883
duong.ln@vegayacht.vn ",,,,,,116002926165,Chi Nhanh Cong Ty Co Phan Du Thuyen Vega,"VIETINBANK
",Khanh Hoa - Khanh Hoa
CRS-55,CRS_Cruise,Venezia Cruises,4*,,Vietnam  ,Ha Long,,,,,,,,,,
PRT-25,PRT_Partner_DMC,Venus Travel,,,Vietnam  ,,Ms. Kim Anh - +84 905775088,"479 Cửa Đại, Cẩm Châu, Hội An, Quảng Nam",Main partner for Central VN,,,,0651000799996,CONG TY TNHH MTV DICH VU DU LICH SAO KIM , VIETCOMBANK ,Quang Nam - Hoi An
HTL-91,HTL_Hotel,Victoria Nui Sam Lodge,3*,,Vietnam  ,Chau Doc,Ms. Phuong - 02963575888,"Vinh Dong 1, Nui Sam Ward, Chau Doc City, An Giang Province, Vietnam",,,,,0471000314204,VICTORIA NUI SAM RESORT,"VIETCOMBANK 
",An Giang - Chau Doc
TRS-10,TRS_Transport_Company,Victoria Train,,,Vietnam  ,,,,,,,,,,,
CRS-63,CRS_Cruise,Victory Cruise,4*,,Vietnam  ,Ha Long,,,,,,,,,,
CRS-51,CRS_Cruise,Victory Star Cruise,5*,,Vietnam  ,Ha Long,,,,,,,,,,
GDE-36,GDE_Guide,Viet Dung - MHP ,,,Vietnam  ,Ha Noi,,,,,,,,,,
FNB-23,FNB_Restaurant,Viet Rice Essence,Vietnamese Restaurant,"Very helpful and ready to arrange extra services, such as traditional music, etc.",Vietnam  ,Ha Noi,,,,,,,,,,
TRS-07,TRS_Transport_Company,Violette train,,,Vietnam  ,,Ms. Thanh - 0913340667,,,,,,037704060042772,CONG TY TNHH VIOLETTE TRAINS VIET NAM,VIB ,Hanoi 
ATC-39,ATC_Attraction,China town tour,,,Thailand  ,Bangkok,,,,,,,,,,
GDE-20,GDE_Guide,Vo Chan Hao,Pickup Guide,,Vietnam  ,Ho Chi Minh City,,,,,,,1027532489,VO CHAN HAO,VIETCOMBANK ,HCM - Le Van Sy
GDE-67,GDE_Guide,Vo Dang Cuong  - Venus ,,,Vietnam  ,Hoi An,,,,,,,,,,
GDE-21,GDE_Guide,Vo Hoang Hung,Support Guide,,Vietnam  ,Ho Chi Minh City,0934180899,,,,,,04116083001,VO HOANG HUNG,TP Bank,HCM - TPBank LiveBank Phan Xich Long
GDE-22,GDE_Guide,Vo Hoang Phuc,Senior Guide,,Vietnam  ,Ho Chi Minh City,0928634567,,,,,,2577899999,VO HOANG PHUC,Techcombank,
GDE-02,GDE_Guide,Vo Hoang Thanh Hai (Danny),Senior Guide,,Vietnam  ,Ho Chi Minh City,0769670710,,,,,,0531002467836 , VO HOANG THANH HAI,VIETCOMBANK,HCM - Binh Thanh Branch
GDE-109,GDE_Guide,Vo Huu Manh Cuong - Venus,,Appove aftet test,Vietnam  ,,0935351694,,,2025-07-22,,Adrian Zagrodzki,,,,
GDE-65,GDE_Guide,Vo Huu Sinh  - Venus ,,,Vietnam  ,Hoi An,,,,,,,,,,
GDE-80,GDE_Guide,Vo Quang Phuc  - Venus ,,,Vietnam  ,Hoi An,,,,,,,,,,
GDE-62,GDE_Guide,Vo Van Luat - Venus  ,,,Vietnam  ,Hoi An,,,,,,,,,,
CRS-60,CRS_Cruise,Vspirit Cruises,5* ,,Vietnam  ,Ha Long,,,,,,,,,,
INT-12,INT_Interpreter,Vu Bao Trung (Binh's Friend),,,,Out of country,0866 005 380,,,,,,,,,
FNB-40,FNB_Restaurant,Vu Di teahouse,Teahouse,,Vietnam  ,Hue,,,,,,,,,,
GDE-45,GDE_Guide,Vu Hong Thanh  - MHP ,,,Vietnam  ,Ha Noi,0969980256,,,,,,,,,
GDE-43,GDE_Guide,Vu Thi Huong Giang  - MHP ,Senior Guide,,Vietnam  ,Ha Noi,091 2221642,,,,,,,,,
INT-06,INT_Interpreter,Vu Thi Huyen Anh (Pizzabella),,,,Out of country,"+48 739 647 817
+84 363 659 844",,,,,,110603275686,Cong ty TNHH Thuong mai va Du lich Phu Hoang Đat,Viettinbank - Dong Hanoi,Hanoi - Dong Hanoi
GDE-54,GDE_Guide,Vu Van Bang  - MHP ,,,Vietnam  ,Ha Noi,,,,,,,,,,
FNB-38,FNB_Restaurant,Vy's Market ,Vietnamese Restaurant,,Vietnam  ,Hoi An,,,,,,,,,,
HTL-32,HTL_Hotel,W Kuala Lumpur Hotel,5*,,Malaysia  ,Kuala Lumpur,+60  32786 8888,"No 121 Jalan Ampang, Kuala Lumpur, Malaysia, 50450",,,,,,,,
FNB-74,FNB_Restaurant,Walk Rooftop Bar Bangkok (Centara Watergate),Thai Rooftop Restaurant,,Thailand  ,Bangkok,,,,,,,,,,
DRV-02,DRV_Driver_of_vehicle,Wayan - Jungle Life,,,Indonesia  ,,,,,,,,0151000017687,CTY CO PHAN DL TM HANG CHAU,VIETCOMBANK,An Giang - Chau Doc
GDE-23,GDE_Guide,Wendy Guide Singapore,,,Singapore  ,,,,,,,,,,,
GDE-95,GDE_Guide,Winnie - DTH Malaysia ,,,Malaysia  ,,,,,,,,,,,
RST-32,RST_Resort,Xcape Resort ,3*,,Malaysia  ,Pahang,+60 9-266 1111 ,"Lot 816, Jalan Teresik, 27000 Kuala Tahan, Pahang, Malaysia",,,,,,,,
GDE-105,GDE_Guide,Xcape Resort guide - Taman Negara,Senior Guide,,Malaysia  ,,,,,,,,,,,
FNB-34,FNB_Restaurant,Y Thao Garden,Vietnamese Restaurant,,Vietnam  ,Hue,,,,,,,,,,
GDE-102,GDE_Guide,Yee Wang - Robert ,,,Laos  ,,,,,,,,,,,
FNB-104,FNB_Restaurant,YoYo Seaside - Vegetarian & More,Vegetarian - Vegan Restaurant,,Vietnam  ,Mui Ne,Hotline - 0908637045,"St KP2, Hòa Bình, khu phố 2, Tp. Phan Thiết, Bình Thuận 77000, Vietnam",,,,,,,,
GDE-25,GDE_Guide,Zagrodzki Adrian,PL TL,,Vietnam  ,Ho Chi Minh City,0933612887,,,,,,,,,
INT-01,INT_Interpreter,Zagrodzki Adrian,Senior Interpreter,,,Ho Chi Minh City,"0933 612 887
adrian@makeyourasia.com",,,,,,,,,
RST-27,RST_Resort,Zannier Bai San Ho,5*,,Vietnam  ,Phu Yen,+84 257 383 0000,"Hoa Thanh Hamlet, Xuan Canh Commune, Song Cau District, Phu Yen Province, Vietnam",,,,,,,,
HMS-08,HMS_Homestay,Ha Giang Xanh Retreat,,,,,,,,,,,,,,
ATC-40,ATC_Attraction,Dragon boat on Huong River,,,,,,,,,,,,,,
ATC-41,ATC_Attraction,Vam Sat Eco Park,,,Vietnam  ,Ho Chi Minh City,,,,,,,,,,
ATC-42,ATC_Attraction,Tra Su Forest,,,Vietnam  ,An Giang,,,,,,,,,,
SRV-02,SRV_Service,Health Land Asoke Massage,,,Thailand  ,,,,,,,,,,,
ATC-44,ATC_Attraction,Night tour in Bangkok,,,Thailand  ,,,,,,,,,,,
ATC-45,ATC_Attraction,Motorbike tour in Hanoi,,,Vietnam  ,Hanoi,,,,,,,,,,
